ts,val,status,severity
'2022-11-25 23:28:26.205484020',-1.461363228,'NO_ALARM','NO_ALARM'
'2022-11-25 23:28:26.106109687',-1.475359471,'NO_ALARM','NO_ALARM'
'2022-11-25 23:28:26.006480353',-1.473749269,'NO_ALARM','NO_ALARM'
'2022-11-25 23:28:25.906578353',-1.462541332,'NO_ALARM','NO_ALARM'
'2022-11-25 23:28:25.806583687',-1.462769681,'NO_ALARM','NO_ALARM'
'2022-11-25 23:28:25.705637020',-1.458976766,'NO_ALARM','NO_ALARM'
'2022-11-25 23:28:25.606662353',-1.473160896,'NO_ALARM','NO_ALARM'
'2022-11-25 23:28:25.506832686',-1.473227483,'NO_ALARM','NO_ALARM'
'2022-11-25 23:28:25.408969020',-1.477478085,'NO_ALARM','NO_ALARM'
'2022-11-25 23:28:25.306935686',-1.458288327,'NO_ALARM','NO_ALARM'
'2022-11-25 23:28:25.206685020',-1.462534207,'NO_ALARM','NO_ALARM'
'2022-11-25 23:28:25.107289686',-1.471731823,'NO_ALARM','NO_ALARM'
'2022-11-25 23:28:25.014357020',-1.476547726,'NO_ALARM','NO_ALARM'
'2022-11-25 23:28:24.906925686',-1.474553720,'NO_ALARM','NO_ALARM'
'2022-11-25 23:28:24.807723020',-1.464496998,'NO_ALARM','NO_ALARM'
'2022-11-25 23:28:24.707689020',-1.457328732,'NO_ALARM','NO_ALARM'
'2022-11-25 23:28:24.608040686',-1.466963818,'NO_ALARM','NO_ALARM'
'2022-11-25 23:28:24.507998020',-1.468868108,'NO_ALARM','NO_ALARM'
'2022-11-25 23:28:24.408087686',-1.474321950,'NO_ALARM','NO_ALARM'
'2022-11-25 23:28:24.306923353',-1.454741856,'NO_ALARM','NO_ALARM'
'2022-11-25 23:28:24.208325353',-1.457768803,'NO_ALARM','NO_ALARM'
'2022-11-25 23:28:24.107068686',-1.459486054,'NO_ALARM','NO_ALARM'
'2022-11-25 23:28:24.008374686',-1.449277297,'NO_ALARM','NO_ALARM'
'2022-11-25 23:28:23.908416020',-1.472417265,'NO_ALARM','NO_ALARM'
'2022-11-25 23:28:23.808586020',-1.466035466,'NO_ALARM','NO_ALARM'
'2022-11-25 23:28:23.711418353',-1.462365179,'NO_ALARM','NO_ALARM'
'2022-11-25 23:28:23.607518020',-1.456281512,'NO_ALARM','NO_ALARM'
'2022-11-25 23:28:23.507863686',-1.459180204,'NO_ALARM','NO_ALARM'
'2022-11-25 23:28:23.409128353',-1.455402896,'NO_ALARM','NO_ALARM'
'2022-11-25 23:28:23.308617020',-1.467938851,'NO_ALARM','NO_ALARM'
'2022-11-25 23:28:23.207709020',-1.461530757,'NO_ALARM','NO_ALARM'
'2022-11-25 23:28:23.107815353',-1.463918153,'NO_ALARM','NO_ALARM'
'2022-11-25 23:28:23.008770686',-1.471867684,'NO_ALARM','NO_ALARM'
'2022-11-25 23:28:22.909038353',-1.463578401,'NO_ALARM','NO_ALARM'
'2022-11-25 23:28:22.809153353',-1.466439968,'NO_ALARM','NO_ALARM'
'2022-11-25 23:28:22.709212019',-1.459039762,'NO_ALARM','NO_ALARM'
'2022-11-25 23:28:22.608925353',-1.468457357,'NO_ALARM','NO_ALARM'
'2022-11-25 23:28:22.509488686',-1.459203050,'NO_ALARM','NO_ALARM'
'2022-11-25 23:28:22.411309019',-1.452570622,'NO_ALARM','NO_ALARM'
'2022-11-25 23:28:22.308387019',-1.464808616,'NO_ALARM','NO_ALARM'
'2022-11-25 23:28:22.210057686',-1.465293927,'NO_ALARM','NO_ALARM'
'2022-11-25 23:28:22.110099353',-1.472322572,'NO_ALARM','NO_ALARM'
'2022-11-25 23:28:22.017947019',-1.471237916,'NO_ALARM','NO_ALARM'
'2022-11-25 23:28:21.910607353',-1.461086021,'NO_ALARM','NO_ALARM'
'2022-11-25 23:28:21.810549686',-1.462423963,'NO_ALARM','NO_ALARM'
'2022-11-25 23:28:21.710485019',-1.461846193,'NO_ALARM','NO_ALARM'
'2022-11-25 23:28:21.610692019',-1.462281288,'NO_ALARM','NO_ALARM'
'2022-11-25 23:28:21.510800019',-1.476894971,'NO_ALARM','NO_ALARM'
'2022-11-25 23:28:21.411043019',-1.465036625,'NO_ALARM','NO_ALARM'
'2022-11-25 23:28:21.310996353',-1.468477970,'NO_ALARM','NO_ALARM'
'2022-11-25 23:28:21.210808686',-1.466524397,'NO_ALARM','NO_ALARM'
'2022-11-25 23:28:21.110881353',-1.461536158,'NO_ALARM','NO_ALARM'
'2022-11-25 23:28:21.009814686',-1.466239894,'NO_ALARM','NO_ALARM'
'2022-11-25 23:28:20.911411019',-1.458599776,'NO_ALARM','NO_ALARM'
'2022-11-25 23:28:20.811558019',-1.469288924,'NO_ALARM','NO_ALARM'
'2022-11-25 23:28:20.717355686',-1.470293985,'NO_ALARM','NO_ALARM'
'2022-11-25 23:28:20.611648019',-1.473522815,'NO_ALARM','NO_ALARM'
'2022-11-25 23:28:20.511842019',-1.463994184,'NO_ALARM','NO_ALARM'
'2022-11-25 23:28:20.411838019',-1.465820407,'NO_ALARM','NO_ALARM'
'2022-11-25 23:28:20.311993353',-1.470593898,'NO_ALARM','NO_ALARM'
'2022-11-25 23:28:20.212381353',-1.475895649,'NO_ALARM','NO_ALARM'
'2022-11-25 23:28:20.112285686',-1.474470931,'NO_ALARM','NO_ALARM'
'2022-11-25 23:28:20.011582352',-1.457104653,'NO_ALARM','NO_ALARM'
'2022-11-25 23:28:19.912080019',-1.470784641,'NO_ALARM','NO_ALARM'
'2022-11-25 23:28:19.812469019',-1.468024892,'NO_ALARM','NO_ALARM'
'2022-11-25 23:28:19.712611019',-1.457675694,'NO_ALARM','NO_ALARM'
'2022-11-25 23:28:19.612818352',-1.468580269,'NO_ALARM','NO_ALARM'
'2022-11-25 23:28:19.512766352',-1.467838956,'NO_ALARM','NO_ALARM'
'2022-11-25 23:28:19.419908686',-1.459333822,'NO_ALARM','NO_ALARM'
'2022-11-25 23:28:19.311771019',-1.474978777,'NO_ALARM','NO_ALARM'
'2022-11-25 23:28:19.211970019',-1.465172062,'NO_ALARM','NO_ALARM'
'2022-11-25 23:28:19.112410686',-1.480880382,'NO_ALARM','NO_ALARM'
'2022-11-25 23:28:19.013538686',-1.470772200,'NO_ALARM','NO_ALARM'
'2022-11-25 23:28:18.913659686',-1.466269809,'NO_ALARM','NO_ALARM'
'2022-11-25 23:28:18.813124019',-1.473256550,'NO_ALARM','NO_ALARM'
'2022-11-25 23:28:18.713217019',-1.465284229,'NO_ALARM','NO_ALARM'
'2022-11-25 23:28:18.612782352',-1.472343184,'NO_ALARM','NO_ALARM'
'2022-11-25 23:28:18.513633686',-1.465148905,'NO_ALARM','NO_ALARM'
'2022-11-25 23:28:18.413951686',-1.462007756,'NO_ALARM','NO_ALARM'
'2022-11-25 23:28:18.314100686',-1.466594434,'NO_ALARM','NO_ALARM'
'2022-11-25 23:28:18.214113019',-1.473699364,'NO_ALARM','NO_ALARM'
'2022-11-25 23:28:18.114242019',-1.475997552,'NO_ALARM','NO_ALARM'
'2022-11-25 23:28:18.014435019',-1.480064706,'NO_ALARM','NO_ALARM'
'2022-11-25 23:28:17.914527686',-1.463862197,'NO_ALARM','NO_ALARM'
'2022-11-25 23:28:17.814730019',-1.476228644,'NO_ALARM','NO_ALARM'
'2022-11-25 23:28:17.721445019',-1.473402449,'NO_ALARM','NO_ALARM'
'2022-11-25 23:28:17.614960686',-1.481231953,'NO_ALARM','NO_ALARM'
'2022-11-25 23:28:17.515086686',-1.476148936,'NO_ALARM','NO_ALARM'
'2022-11-25 23:28:17.413981686',-1.462302494,'NO_ALARM','NO_ALARM'
'2022-11-25 23:28:17.315125019',-1.463401767,'NO_ALARM','NO_ALARM'
'2022-11-25 23:28:17.215162019',-1.465651832,'NO_ALARM','NO_ALARM'
'2022-11-25 23:28:17.114398352',-1.461682763,'NO_ALARM','NO_ALARM'
'2022-11-25 23:28:17.015448352',-1.460634470,'NO_ALARM','NO_ALARM'
'2022-11-25 23:28:16.915027685',-1.459949707,'NO_ALARM','NO_ALARM'
'2022-11-25 23:28:16.814634019',-1.465781896,'NO_ALARM','NO_ALARM'
'2022-11-25 23:28:16.716105685',-1.455514922,'NO_ALARM','NO_ALARM'
'2022-11-25 23:28:16.616215685',-1.454644251,'NO_ALARM','NO_ALARM'
'2022-11-25 23:28:16.516423352',-1.477436154,'NO_ALARM','NO_ALARM'
'2022-11-25 23:28:16.420254019',-1.469281374,'NO_ALARM','NO_ALARM'
'2022-11-25 23:28:16.316589685',-1.465867230,'NO_ALARM','NO_ALARM'
'2022-11-25 23:28:16.216713685',-1.462286575,'NO_ALARM','NO_ALARM'
'2022-11-25 23:28:16.116783019',-1.471460779,'NO_ALARM','NO_ALARM'
'2022-11-25 23:28:16.016822352',-1.474117635,'NO_ALARM','NO_ALARM'
'2022-11-25 23:28:15.916824352',-1.455039987,'NO_ALARM','NO_ALARM'
'2022-11-25 23:28:15.816925019',-1.462212353,'NO_ALARM','NO_ALARM'
'2022-11-25 23:28:15.716197685',-1.465570202,'NO_ALARM','NO_ALARM'
'2022-11-25 23:28:15.615803019',-1.467045023,'NO_ALARM','NO_ALARM'
'2022-11-25 23:28:15.516417352',-1.465453511,'NO_ALARM','NO_ALARM'
'2022-11-25 23:28:15.416903352',-1.469810738,'NO_ALARM','NO_ALARM'
'2022-11-25 23:28:15.315695019',-1.462441013,'NO_ALARM','NO_ALARM'
'2022-11-25 23:28:15.217299685',-1.453549841,'NO_ALARM','NO_ALARM'
'2022-11-25 23:28:15.120021019',-1.456207884,'NO_ALARM','NO_ALARM'
'2022-11-25 23:28:15.017364685',-1.476314882,'NO_ALARM','NO_ALARM'
'2022-11-25 23:28:14.917513685',-1.464437507,'NO_ALARM','NO_ALARM'
'2022-11-25 23:28:14.816931685',-1.472779127,'NO_ALARM','NO_ALARM'
'2022-11-25 23:28:14.723871352',-1.479780911,'NO_ALARM','NO_ALARM'
'2022-11-25 23:28:14.617462685',-1.464669729,'NO_ALARM','NO_ALARM'
'2022-11-25 23:28:14.516411352',-1.467035806,'NO_ALARM','NO_ALARM'
'2022-11-25 23:28:14.417842685',-1.471091169,'NO_ALARM','NO_ALARM'
'2022-11-25 23:28:14.317672352',-1.466800078,'NO_ALARM','NO_ALARM'
'2022-11-25 23:28:14.216834685',-1.464247782,'NO_ALARM','NO_ALARM'
'2022-11-25 23:28:14.117836018',-1.463989123,'NO_ALARM','NO_ALARM'
'2022-11-25 23:28:14.017454685',-1.462551851,'NO_ALARM','NO_ALARM'
'2022-11-25 23:28:13.917538685',-1.467997183,'NO_ALARM','NO_ALARM'
'2022-11-25 23:28:13.818054352',-1.471004874,'NO_ALARM','NO_ALARM'
'2022-11-25 23:28:13.718188018',-1.470205824,'NO_ALARM','NO_ALARM'
'2022-11-25 23:28:13.618238018',-1.469781784,'NO_ALARM','NO_ALARM'
'2022-11-25 23:28:13.518270352',-1.468859314,'NO_ALARM','NO_ALARM'
'2022-11-25 23:28:13.420750018',-1.483550499,'NO_ALARM','NO_ALARM'
'2022-11-25 23:28:13.318445352',-1.476876649,'NO_ALARM','NO_ALARM'
'2022-11-25 23:28:13.217424018',-1.471573003,'NO_ALARM','NO_ALARM'
'2022-11-25 23:28:13.118894018',-1.467341091,'NO_ALARM','NO_ALARM'
'2022-11-25 23:28:13.018731685',-1.459618041,'NO_ALARM','NO_ALARM'
'2022-11-25 23:28:12.918851352',-1.469059246,'NO_ALARM','NO_ALARM'
'2022-11-25 23:28:12.818956018',-1.471103441,'NO_ALARM','NO_ALARM'
'2022-11-25 23:28:12.718493352',-1.470251940,'NO_ALARM','NO_ALARM'
'2022-11-25 23:28:12.619004685',-1.470627206,'NO_ALARM','NO_ALARM'
'2022-11-25 23:28:12.519332018',-1.456606193,'NO_ALARM','NO_ALARM'
'2022-11-25 23:28:12.419221685',-1.468989238,'NO_ALARM','NO_ALARM'
'2022-11-25 23:28:12.318456018',-1.467551937,'NO_ALARM','NO_ALARM'
'2022-11-25 23:28:12.219677685',-1.463831801,'NO_ALARM','NO_ALARM'
'2022-11-25 23:28:12.119697685',-1.466524397,'NO_ALARM','NO_ALARM'
'2022-11-25 23:28:12.019654685',-1.468571419,'NO_ALARM','NO_ALARM'
'2022-11-25 23:28:11.919603018',-1.468176078,'NO_ALARM','NO_ALARM'
'2022-11-25 23:28:11.819700018',-1.472138898,'NO_ALARM','NO_ALARM'
'2022-11-25 23:28:11.727657018',-1.468155155,'NO_ALARM','NO_ALARM'
'2022-11-25 23:28:11.620105685',-1.470859117,'NO_ALARM','NO_ALARM'
'2022-11-25 23:28:11.520306351',-1.463872291,'NO_ALARM','NO_ALARM'
'2022-11-25 23:28:11.420404685',-1.474957571,'NO_ALARM','NO_ALARM'
'2022-11-25 23:28:11.320600685',-1.470547131,'NO_ALARM','NO_ALARM'
'2022-11-25 23:28:11.220393685',-1.460562821,'NO_ALARM','NO_ALARM'
'2022-11-25 23:28:11.120702351',-1.477909165,'NO_ALARM','NO_ALARM'
'2022-11-25 23:28:11.020519351',-1.464645045,'NO_ALARM','NO_ALARM'
'2022-11-25 23:28:10.921029351',-1.470689439,'NO_ALARM','NO_ALARM'
'2022-11-25 23:28:10.820316351',-1.464413983,'NO_ALARM','NO_ALARM'
'2022-11-25 23:28:10.720763685',-1.470276907,'NO_ALARM','NO_ALARM'
'2022-11-25 23:28:10.620925018',-1.475272243,'NO_ALARM','NO_ALARM'
'2022-11-25 23:28:10.521185351',-1.460707278,'NO_ALARM','NO_ALARM'
'2022-11-25 23:28:10.424274351',-1.463862197,'NO_ALARM','NO_ALARM'
'2022-11-25 23:28:10.320212018',-1.463912724,'NO_ALARM','NO_ALARM'
'2022-11-25 23:28:10.221413685',-1.459208733,'NO_ALARM','NO_ALARM'
'2022-11-25 23:28:10.121619685',-1.460452068,'NO_ALARM','NO_ALARM'
'2022-11-25 23:28:10.020865685',-1.471141103,'NO_ALARM','NO_ALARM'
'2022-11-25 23:28:09.921447351',-1.472933537,'NO_ALARM','NO_ALARM'
'2022-11-25 23:28:09.821464351',-1.468580212,'NO_ALARM','NO_ALARM'
'2022-11-25 23:28:09.720969685',-1.452484921,'NO_ALARM','NO_ALARM'
'2022-11-25 23:28:09.620742351',-1.472998145,'NO_ALARM','NO_ALARM'
'2022-11-25 23:28:09.521765018',-1.464913771,'NO_ALARM','NO_ALARM'
'2022-11-25 23:28:09.422126351',-1.470862340,'NO_ALARM','NO_ALARM'
'2022-11-25 23:28:09.321013018',-1.467056644,'NO_ALARM','NO_ALARM'
'2022-11-25 23:28:09.221892351',-1.465419779,'NO_ALARM','NO_ALARM'
'2022-11-25 23:28:09.124900351',-1.458181787,'NO_ALARM','NO_ALARM'
'2022-11-25 23:28:09.022404685',-1.472209642,'NO_ALARM','NO_ALARM'
'2022-11-25 23:28:08.921986684',-1.472767676,'NO_ALARM','NO_ALARM'
'2022-11-25 23:28:08.820711351',-1.473058682,'NO_ALARM','NO_ALARM'
'2022-11-25 23:28:08.725782684',-1.466185097,'NO_ALARM','NO_ALARM'
'2022-11-25 23:28:08.622651018',-1.464190328,'NO_ALARM','NO_ALARM'
'2022-11-25 23:28:08.522844018',-1.472636961,'NO_ALARM','NO_ALARM'
'2022-11-25 23:28:08.421500018',-1.464506159,'NO_ALARM','NO_ALARM'
'2022-11-25 23:28:08.323118351',-1.470035411,'NO_ALARM','NO_ALARM'
'2022-11-25 23:28:08.221852351',-1.462238790,'NO_ALARM','NO_ALARM'
'2022-11-25 23:28:08.123098018',-1.466073694,'NO_ALARM','NO_ALARM'
'2022-11-25 23:28:08.022703684',-1.473447717,'NO_ALARM','NO_ALARM'
'2022-11-25 23:28:07.922736351',-1.481325741,'NO_ALARM','NO_ALARM'
'2022-11-25 23:28:07.822321018',-1.467779805,'NO_ALARM','NO_ALARM'
'2022-11-25 23:28:07.721749684',-1.462863667,'NO_ALARM','NO_ALARM'
'2022-11-25 23:28:07.623287684',-1.460047623,'NO_ALARM','NO_ALARM'
'2022-11-25 23:28:07.522817018',-1.454510454,'NO_ALARM','NO_ALARM'
'2022-11-25 23:28:07.429299018',-1.452122578,'NO_ALARM','NO_ALARM'
'2022-11-25 23:28:07.322273018',-1.463096963,'NO_ALARM','NO_ALARM'
'2022-11-25 23:28:07.223416684',-1.475973830,'NO_ALARM','NO_ALARM'
'2022-11-25 23:28:07.122341684',-1.470986495,'NO_ALARM','NO_ALARM'
'2022-11-25 23:28:07.025178684',-1.464175314,'NO_ALARM','NO_ALARM'
'2022-11-25 23:28:06.923601018',-1.478733522,'NO_ALARM','NO_ALARM'
'2022-11-25 23:28:06.824331684',-1.458339363,'NO_ALARM','NO_ALARM'
'2022-11-25 23:28:06.723898018',-1.459117292,'NO_ALARM','NO_ALARM'
'2022-11-25 23:28:06.623830351',-1.471660570,'NO_ALARM','NO_ALARM'
'2022-11-25 23:28:06.523953684',-1.464620305,'NO_ALARM','NO_ALARM'
'2022-11-25 23:28:06.423922018',-1.471342845,'NO_ALARM','NO_ALARM'
'2022-11-25 23:28:06.323149351',-1.466865760,'NO_ALARM','NO_ALARM'
'2022-11-25 23:28:06.223717351',-1.466598307,'NO_ALARM','NO_ALARM'
'2022-11-25 23:28:06.127135017',-1.465935458,'NO_ALARM','NO_ALARM'
'2022-11-25 23:28:06.024246351',-1.461330571,'NO_ALARM','NO_ALARM'
'2022-11-25 23:28:05.924592351',-1.465371486,'NO_ALARM','NO_ALARM'
'2022-11-25 23:28:05.824644351',-1.475953500,'NO_ALARM','NO_ALARM'
'2022-11-25 23:28:05.724321684',-1.466808758,'NO_ALARM','NO_ALARM'
'2022-11-25 23:28:05.624983684',-1.477516398,'NO_ALARM','NO_ALARM'
'2022-11-25 23:28:05.525013017',-1.469189679,'NO_ALARM','NO_ALARM'
'2022-11-25 23:28:05.424227684',-1.465431231,'NO_ALARM','NO_ALARM'
'2022-11-25 23:28:05.324966351',-1.470462278,'NO_ALARM','NO_ALARM'
'2022-11-25 23:28:05.224951017',-1.470792614,'NO_ALARM','NO_ALARM'
'2022-11-25 23:28:05.124773017',-1.468699532,'NO_ALARM','NO_ALARM'
'2022-11-25 23:28:05.024902017',-1.458892676,'NO_ALARM','NO_ALARM'
'2022-11-25 23:28:04.925460017',-1.464212637,'NO_ALARM','NO_ALARM'
'2022-11-25 23:28:04.824548017',-1.464923639,'NO_ALARM','NO_ALARM'
'2022-11-25 23:28:04.725235017',-1.471541052,'NO_ALARM','NO_ALARM'
'2022-11-25 23:28:04.625419351',-1.475626415,'NO_ALARM','NO_ALARM'
'2022-11-25 23:28:04.525769351',-1.461917050,'NO_ALARM','NO_ALARM'
'2022-11-25 23:28:04.433366017',-1.471779919,'NO_ALARM','NO_ALARM'
'2022-11-25 23:28:04.325659351',-1.463034532,'NO_ALARM','NO_ALARM'
'2022-11-25 23:28:04.225473684',-1.480588217,'NO_ALARM','NO_ALARM'
'2022-11-25 23:28:04.125474017',-1.475395126,'NO_ALARM','NO_ALARM'
'2022-11-25 23:28:04.025566351',-1.460625337,'NO_ALARM','NO_ALARM'
'2022-11-25 23:28:03.925647351',-1.468161036,'NO_ALARM','NO_ALARM'
'2022-11-25 23:28:03.825586017',-1.466236529,'NO_ALARM','NO_ALARM'
'2022-11-25 23:28:03.725669684',-1.470619939,'NO_ALARM','NO_ALARM'
'2022-11-25 23:28:03.625620684',-1.459633282,'NO_ALARM','NO_ALARM'
'2022-11-25 23:28:03.525932017',-1.467026475,'NO_ALARM','NO_ALARM'
'2022-11-25 23:28:03.425486351',-1.460663112,'NO_ALARM','NO_ALARM'
'2022-11-25 23:28:03.325775684',-1.465904893,'NO_ALARM','NO_ALARM'
'2022-11-25 23:28:03.226011350',-1.467166012,'NO_ALARM','NO_ALARM'
'2022-11-25 23:28:03.127786350',-1.479143763,'NO_ALARM','NO_ALARM'
'2022-11-25 23:28:03.026133350',-1.473619827,'NO_ALARM','NO_ALARM'
'2022-11-25 23:28:02.925954684',-1.472483230,'NO_ALARM','NO_ALARM'
'2022-11-25 23:28:02.826784350',-1.469207464,'NO_ALARM','NO_ALARM'
'2022-11-25 23:28:02.733449017',-1.476304788,'NO_ALARM','NO_ALARM'
'2022-11-25 23:28:02.625210350',-1.470451477,'NO_ALARM','NO_ALARM'
'2022-11-25 23:28:02.526460684',-1.475270660,'NO_ALARM','NO_ALARM'
'2022-11-25 23:28:02.426196017',-1.471924856,'NO_ALARM','NO_ALARM'
'2022-11-25 23:28:02.326514017',-1.467580890,'NO_ALARM','NO_ALARM'
'2022-11-25 23:28:02.226720017',-1.472683615,'NO_ALARM','NO_ALARM'
'2022-11-25 23:28:02.126887684',-1.472122527,'NO_ALARM','NO_ALARM'
'2022-11-25 23:28:02.026945350',-1.465293616,'NO_ALARM','NO_ALARM'
'2022-11-25 23:28:01.926536017',-1.483014491,'NO_ALARM','NO_ALARM'
'2022-11-25 23:28:01.827040684',-1.472536330,'NO_ALARM','NO_ALARM'
'2022-11-25 23:28:01.727222017',-1.470125608,'NO_ALARM','NO_ALARM'
'2022-11-25 23:28:01.625916350',-1.470395379,'NO_ALARM','NO_ALARM'
'2022-11-25 23:28:01.527369684',-1.461368600,'NO_ALARM','NO_ALARM'
'2022-11-25 23:28:01.434086684',-1.476308153,'NO_ALARM','NO_ALARM'
'2022-11-25 23:28:01.326154017',-1.475297153,'NO_ALARM','NO_ALARM'
'2022-11-25 23:28:01.227569350',-1.469185664,'NO_ALARM','NO_ALARM'
'2022-11-25 23:28:01.127579684',-1.472568111,'NO_ALARM','NO_ALARM'
'2022-11-25 23:28:01.027438684',-1.460524791,'NO_ALARM','NO_ALARM'
'2022-11-25 23:28:00.928014350',-1.470264890,'NO_ALARM','NO_ALARM'
'2022-11-25 23:28:00.827390684',-1.478925735,'NO_ALARM','NO_ALARM'
'2022-11-25 23:28:00.727932684',-1.468628986,'NO_ALARM','NO_ALARM'
'2022-11-25 23:28:00.628174684',-1.460081213,'NO_ALARM','NO_ALARM'
'2022-11-25 23:28:00.528110683',-1.458536213,'NO_ALARM','NO_ALARM'
'2022-11-25 23:28:00.427757017',-1.463008548,'NO_ALARM','NO_ALARM'
'2022-11-25 23:28:00.327017017',-1.472221461,'NO_ALARM','NO_ALARM'
'2022-11-25 23:28:00.228374350',-1.468722661,'NO_ALARM','NO_ALARM'
'2022-11-25 23:28:00.133517683',-1.478304732,'NO_ALARM','NO_ALARM'
'2022-11-25 23:28:00.028720683',-1.472448339,'NO_ALARM','NO_ALARM'
'2022-11-25 23:27:59.928556017',-1.466130866,'NO_ALARM','NO_ALARM'
'2022-11-25 23:27:59.827940350',-1.465764536,'NO_ALARM','NO_ALARM'
'2022-11-25 23:27:59.728004017',-1.463989123,'NO_ALARM','NO_ALARM'
'2022-11-25 23:27:59.628816017',-1.460962261,'NO_ALARM','NO_ALARM'
'2022-11-25 23:27:59.528944017',-1.463409062,'NO_ALARM','NO_ALARM'
'2022-11-25 23:27:59.429062350',-1.473399650,'NO_ALARM','NO_ALARM'
'2022-11-25 23:27:59.328939017',-1.474757130,'NO_ALARM','NO_ALARM'
'2022-11-25 23:27:59.228972017',-1.467052036,'NO_ALARM','NO_ALARM'
'2022-11-25 23:27:59.129188017',-1.474194628,'NO_ALARM','NO_ALARM'
'2022-11-25 23:27:59.029359017',-1.467038124,'NO_ALARM','NO_ALARM'
'2022-11-25 23:27:58.928531350',-1.467617506,'NO_ALARM','NO_ALARM'
'2022-11-25 23:27:58.834289683',-1.473854452,'NO_ALARM','NO_ALARM'
'2022-11-25 23:27:58.729700683',-1.480667868,'NO_ALARM','NO_ALARM'
'2022-11-25 23:27:58.629890350',-1.480826066,'NO_ALARM','NO_ALARM'
'2022-11-25 23:27:58.528869350',-1.466892537,'NO_ALARM','NO_ALARM'
'2022-11-25 23:27:58.429842683',-1.467784357,'NO_ALARM','NO_ALARM'
'2022-11-25 23:27:58.330033350',-1.458273878,'NO_ALARM','NO_ALARM'
'2022-11-25 23:27:58.230103017',-1.475830278,'NO_ALARM','NO_ALARM'
'2022-11-25 23:27:58.130184017',-1.469747289,'NO_ALARM','NO_ALARM'
'2022-11-25 23:27:58.029889017',-1.472487104,'NO_ALARM','NO_ALARM'
'2022-11-25 23:27:57.930197683',-1.462667269,'NO_ALARM','NO_ALARM'
'2022-11-25 23:27:57.830413683',-1.457693479,'NO_ALARM','NO_ALARM'
'2022-11-25 23:27:57.730567350',-1.466724470,'NO_ALARM','NO_ALARM'
'2022-11-25 23:27:57.630546016',-1.473221235,'NO_ALARM','NO_ALARM'
'2022-11-25 23:27:57.530656016',-1.469141979,'NO_ALARM','NO_ALARM'
'2022-11-25 23:27:57.430600683',-1.475158606,'NO_ALARM','NO_ALARM'
'2022-11-25 23:27:57.329995350',-1.475820381,'NO_ALARM','NO_ALARM'
'2022-11-25 23:27:57.229872016',-1.466546621,'NO_ALARM','NO_ALARM'
'2022-11-25 23:27:57.130014683',-1.459700972,'NO_ALARM','NO_ALARM'
'2022-11-25 23:27:57.030602683',-1.465925109,'NO_ALARM','NO_ALARM'
'2022-11-25 23:27:56.931226350',-1.462811528,'NO_ALARM','NO_ALARM'
'2022-11-25 23:27:56.830605683',-1.480458690,'NO_ALARM','NO_ALARM'
'2022-11-25 23:27:56.736781350',-1.471428546,'NO_ALARM','NO_ALARM'
'2022-11-25 23:27:56.631074350',-1.460485460,'NO_ALARM','NO_ALARM'
'2022-11-25 23:27:56.531093350',-1.456093908,'NO_ALARM','NO_ALARM'
'2022-11-25 23:27:56.430396350',-1.467983667,'NO_ALARM','NO_ALARM'
'2022-11-25 23:27:56.331410350',-1.467127586,'NO_ALARM','NO_ALARM'
'2022-11-25 23:27:56.231292350',-1.471311120,'NO_ALARM','NO_ALARM'
'2022-11-25 23:27:56.131374016',-1.454147488,'NO_ALARM','NO_ALARM'
'2022-11-25 23:27:56.031478683',-1.456585638,'NO_ALARM','NO_ALARM'
'2022-11-25 23:27:55.931787016',-1.455783194,'NO_ALARM','NO_ALARM'
'2022-11-25 23:27:55.831533683',-1.462180572,'NO_ALARM','NO_ALARM'
'2022-11-25 23:27:55.731647016',-1.466946485,'NO_ALARM','NO_ALARM'
'2022-11-25 23:27:55.631752683',-1.474796291,'NO_ALARM','NO_ALARM'
'2022-11-25 23:27:55.532084350',-1.462547977,'NO_ALARM','NO_ALARM'
'2022-11-25 23:27:55.432227683',-1.468379460,'NO_ALARM','NO_ALARM'
'2022-11-25 23:27:55.331743683',-1.472872435,'NO_ALARM','NO_ALARM'
'2022-11-25 23:27:55.232248683',-1.473880776,'NO_ALARM','NO_ALARM'
'2022-11-25 23:27:55.131953350',-1.470670042,'NO_ALARM','NO_ALARM'
'2022-11-25 23:27:55.040269350',-1.482749724,'NO_ALARM','NO_ALARM'
'2022-11-25 23:27:54.932386349',-1.467728684,'NO_ALARM','NO_ALARM'
'2022-11-25 23:27:54.832617016',-1.467912414,'NO_ALARM','NO_ALARM'
'2022-11-25 23:27:54.732717016',-1.463381240,'NO_ALARM','NO_ALARM'
'2022-11-25 23:27:54.632723683',-1.466097134,'NO_ALARM','NO_ALARM'
'2022-11-25 23:27:54.432799683',-1.465453511,'NO_ALARM','NO_ALARM'
'2022-11-25 23:27:54.332824683',-1.459180204,'NO_ALARM','NO_ALARM'
'2022-11-25 23:27:54.233014016',-1.456336337,'NO_ALARM','NO_ALARM'
'2022-11-25 23:27:54.133300016',-1.450565221,'NO_ALARM','NO_ALARM'
'2022-11-25 23:27:54.033371016',-1.464953582,'NO_ALARM','NO_ALARM'
'2022-11-25 23:27:53.932539683',-1.463720822,'NO_ALARM','NO_ALARM'
'2022-11-25 23:27:53.833636683',-1.463776467,'NO_ALARM','NO_ALARM'
'2022-11-25 23:27:53.734922349',-1.462359920,'NO_ALARM','NO_ALARM'
'2022-11-25 23:27:53.633393016',-1.468637327,'NO_ALARM','NO_ALARM'
'2022-11-25 23:27:53.533804349',-1.453668115,'NO_ALARM','NO_ALARM'
'2022-11-25 23:27:53.433505016',-1.460856230,'NO_ALARM','NO_ALARM'
'2022-11-25 23:27:53.334057016',-1.462518514,'NO_ALARM','NO_ALARM'
'2022-11-25 23:27:53.232592349',-1.475329783,'NO_ALARM','NO_ALARM'
'2022-11-25 23:27:53.132524016',-1.470849277,'NO_ALARM','NO_ALARM'
'2022-11-25 23:27:53.033562016',-1.463644649,'NO_ALARM','NO_ALARM'
'2022-11-25 23:27:52.933918016',-1.477158409,'NO_ALARM','NO_ALARM'
'2022-11-25 23:27:52.834198016',-1.466385736,'NO_ALARM','NO_ALARM'
'2022-11-25 23:27:52.734044016',-1.456165981,'NO_ALARM','NO_ALARM'
'2022-11-25 23:27:52.633572016',-1.462328394,'NO_ALARM','NO_ALARM'
'2022-11-25 23:27:52.534318016',-1.462537572,'NO_ALARM','NO_ALARM'
'2022-11-25 23:27:52.434582349',-1.466171780,'NO_ALARM','NO_ALARM'
'2022-11-25 23:27:52.333837349',-1.459852441,'NO_ALARM','NO_ALARM'
'2022-11-25 23:27:52.234180683',-1.464163297,'NO_ALARM','NO_ALARM'
'2022-11-25 23:27:52.133185349',-1.464334784,'NO_ALARM','NO_ALARM'
'2022-11-25 23:27:52.039693016',-1.469323306,'NO_ALARM','NO_ALARM'
'2022-11-25 23:27:51.934063682',-1.459406686,'NO_ALARM','NO_ALARM'
'2022-11-25 23:27:51.834738682',-1.473220047,'NO_ALARM','NO_ALARM'
'2022-11-25 23:27:51.734601682',-1.455471406,'NO_ALARM','NO_ALARM'
'2022-11-25 23:27:51.634217682',-1.466966645,'NO_ALARM','NO_ALARM'
'2022-11-25 23:27:51.535015349',-1.468597799,'NO_ALARM','NO_ALARM'
'2022-11-25 23:27:51.435030016',-1.476135421,'NO_ALARM','NO_ALARM'
'2022-11-25 23:27:51.334268016',-1.466696308,'NO_ALARM','NO_ALARM'
'2022-11-25 23:27:51.233987016',-1.457210797,'NO_ALARM','NO_ALARM'
'2022-11-25 23:27:51.135033349',-1.451400577,'NO_ALARM','NO_ALARM'
'2022-11-25 23:27:51.035052349',-1.457946172,'NO_ALARM','NO_ALARM'
'2022-11-25 23:27:50.935208016',-1.460330372,'NO_ALARM','NO_ALARM'
'2022-11-25 23:27:50.835390016',-1.470518290,'NO_ALARM','NO_ALARM'
'2022-11-25 23:27:50.736941682',-1.466827419,'NO_ALARM','NO_ALARM'
'2022-11-25 23:27:50.634287016',-1.456047509,'NO_ALARM','NO_ALARM'
'2022-11-25 23:27:50.535300682',-1.461049659,'NO_ALARM','NO_ALARM'
'2022-11-25 23:27:50.435683682',-1.458193521,'NO_ALARM','NO_ALARM'
'2022-11-25 23:27:50.335866682',-1.455776691,'NO_ALARM','NO_ALARM'
'2022-11-25 23:27:50.235960016',-1.458466544,'NO_ALARM','NO_ALARM'
'2022-11-25 23:27:50.136069349',-1.467377707,'NO_ALARM','NO_ALARM'
'2022-11-25 23:27:50.036181016',-1.482823183,'NO_ALARM','NO_ALARM'
'2022-11-25 23:27:49.935938016',-1.476825132,'NO_ALARM','NO_ALARM'
'2022-11-25 23:27:49.835993349',-1.464412654,'NO_ALARM','NO_ALARM'
'2022-11-25 23:27:49.736029682',-1.472524653,'NO_ALARM','NO_ALARM'
'2022-11-25 23:27:49.634841016',-1.467400553,'NO_ALARM','NO_ALARM'
'2022-11-25 23:27:49.536720016',-1.460844666,'NO_ALARM','NO_ALARM'
'2022-11-25 23:27:49.436462682',-1.476104997,'NO_ALARM','NO_ALARM'
'2022-11-25 23:27:49.336029015',-1.465002328,'NO_ALARM','NO_ALARM'
'2022-11-25 23:27:49.236582682',-1.470349206,'NO_ALARM','NO_ALARM'
'2022-11-25 23:27:49.136437682',-1.470992716,'NO_ALARM','NO_ALARM'
'2022-11-25 23:27:49.041541015',-1.463298988,'NO_ALARM','NO_ALARM'
'2022-11-25 23:27:48.935949015',-1.467758598,'NO_ALARM','NO_ALARM'
'2022-11-25 23:27:48.836589015',-1.466397866,'NO_ALARM','NO_ALARM'
'2022-11-25 23:27:48.736704015',-1.474749552,'NO_ALARM','NO_ALARM'
'2022-11-25 23:27:48.637052015',-1.468346944,'NO_ALARM','NO_ALARM'
'2022-11-25 23:27:48.537187015',-1.476375193,'NO_ALARM','NO_ALARM'
'2022-11-25 23:27:48.437117015',-1.466025994,'NO_ALARM','NO_ALARM'
'2022-11-25 23:27:48.336488682',-1.479247617,'NO_ALARM','NO_ALARM'
'2022-11-25 23:27:48.237365349',-1.469081075,'NO_ALARM','NO_ALARM'
'2022-11-25 23:27:48.137186682',-1.475662749,'NO_ALARM','NO_ALARM'
'2022-11-25 23:27:48.037338015',-1.475734821,'NO_ALARM','NO_ALARM'
'2022-11-25 23:27:47.937061349',-1.456978405,'NO_ALARM','NO_ALARM'
'2022-11-25 23:27:47.837666015',-1.484106215,'NO_ALARM','NO_ALARM'
'2022-11-25 23:27:47.737606015',-1.477340415,'NO_ALARM','NO_ALARM'
'2022-11-25 23:27:47.637872349',-1.463857136,'NO_ALARM','NO_ALARM'
'2022-11-25 23:27:47.537677015',-1.461503839,'NO_ALARM','NO_ALARM'
'2022-11-25 23:27:47.438733682',-1.473088880,'NO_ALARM','NO_ALARM'
'2022-11-25 23:27:47.338459349',-1.467880492,'NO_ALARM','NO_ALARM'
'2022-11-25 23:27:47.238249015',-1.458582443,'NO_ALARM','NO_ALARM'
'2022-11-25 23:27:47.138170015',-1.468313947,'NO_ALARM','NO_ALARM'
'2022-11-25 23:27:47.038246349',-1.470226861,'NO_ALARM','NO_ALARM'
'2022-11-25 23:27:46.937484682',-1.474771381,'NO_ALARM','NO_ALARM'
'2022-11-25 23:27:46.838407015',-1.468593586,'NO_ALARM','NO_ALARM'
'2022-11-25 23:27:46.738547349',-1.468385369,'NO_ALARM','NO_ALARM'
'2022-11-25 23:27:46.638431349',-1.473634671,'NO_ALARM','NO_ALARM'
'2022-11-25 23:27:46.538553682',-1.466153825,'NO_ALARM','NO_ALARM'
'2022-11-25 23:27:46.438688348',-1.473899155,'NO_ALARM','NO_ALARM'
'2022-11-25 23:27:46.338986682',-1.460270373,'NO_ALARM','NO_ALARM'
'2022-11-25 23:27:46.239178682',-1.471221602,'NO_ALARM','NO_ALARM'
'2022-11-25 23:27:46.138385348',-1.470052178,'NO_ALARM','NO_ALARM'
'2022-11-25 23:27:46.043980348',-1.471863698,'NO_ALARM','NO_ALARM'
'2022-11-25 23:27:45.938888015',-1.462381805,'NO_ALARM','NO_ALARM'
'2022-11-25 23:27:45.839057015',-1.463700549,'NO_ALARM','NO_ALARM'
'2022-11-25 23:27:45.739075015',-1.467862509,'NO_ALARM','NO_ALARM'
'2022-11-25 23:27:45.639161682',-1.467432475,'NO_ALARM','NO_ALARM'
'2022-11-25 23:27:45.539206348',-1.463907663,'NO_ALARM','NO_ALARM'
'2022-11-25 23:27:45.439323682',-1.465007219,'NO_ALARM','NO_ALARM'
'2022-11-25 23:27:45.339056348',-1.462844242,'NO_ALARM','NO_ALARM'
'2022-11-25 23:27:45.239570682',-1.464250242,'NO_ALARM','NO_ALARM'
'2022-11-25 23:27:45.139348348',-1.459638258,'NO_ALARM','NO_ALARM'
'2022-11-25 23:27:45.039524348',-1.463978209,'NO_ALARM','NO_ALARM'
'2022-11-25 23:27:44.939990015',-1.463675158,'NO_ALARM','NO_ALARM'
'2022-11-25 23:27:44.839747015',-1.466116050,'NO_ALARM','NO_ALARM'
'2022-11-25 23:27:44.741370348',-1.456153709,'NO_ALARM','NO_ALARM'
'2022-11-25 23:27:44.639063015',-1.462836127,'NO_ALARM','NO_ALARM'
'2022-11-25 23:27:44.540115015',-1.468859314,'NO_ALARM','NO_ALARM'
'2022-11-25 23:27:44.440512015',-1.459208733,'NO_ALARM','NO_ALARM'
'2022-11-25 23:27:44.342464682',-1.467911934,'NO_ALARM','NO_ALARM'
'2022-11-25 23:27:44.240019348',-1.456689746,'NO_ALARM','NO_ALARM'
'2022-11-25 23:27:44.140336348',-1.460850123,'NO_ALARM','NO_ALARM'
'2022-11-25 23:27:44.040235015',-1.468896326,'NO_ALARM','NO_ALARM'
'2022-11-25 23:27:43.940662015',-1.466173618,'NO_ALARM','NO_ALARM'
'2022-11-25 23:27:43.840568348',-1.465759729,'NO_ALARM','NO_ALARM'
'2022-11-25 23:27:43.740610348',-1.466938879,'NO_ALARM','NO_ALARM'
'2022-11-25 23:27:43.640795015',-1.464649965,'NO_ALARM','NO_ALARM'
'2022-11-25 23:27:43.541064015',-1.467254513,'NO_ALARM','NO_ALARM'
'2022-11-25 23:27:43.441036015',-1.461433633,'NO_ALARM','NO_ALARM'
'2022-11-25 23:27:43.340813681',-1.471531354,'NO_ALARM','NO_ALARM'
'2022-11-25 23:27:43.240630015',-1.470842604,'NO_ALARM','NO_ALARM'
'2022-11-25 23:27:43.141087348',-1.466347791,'NO_ALARM','NO_ALARM'
'2022-11-25 23:27:43.043586348',-1.458173955,'NO_ALARM','NO_ALARM'
'2022-11-25 23:27:42.941540015',-1.473335833,'NO_ALARM','NO_ALARM'
'2022-11-25 23:27:42.840172348',-1.465499995,'NO_ALARM','NO_ALARM'
'2022-11-25 23:27:42.740220681',-1.460887954,'NO_ALARM','NO_ALARM'
'2022-11-25 23:27:42.640775681',-1.461194116,'NO_ALARM','NO_ALARM'
'2022-11-25 23:27:42.541468348',-1.476196693,'NO_ALARM','NO_ALARM'
'2022-11-25 23:27:42.440769348',-1.466875119,'NO_ALARM','NO_ALARM'
'2022-11-25 23:27:42.339916015',-1.479937667,'NO_ALARM','NO_ALARM'
'2022-11-25 23:27:42.241001348',-1.479361621,'NO_ALARM','NO_ALARM'
'2022-11-25 23:27:42.140051348',-1.462196208,'NO_ALARM','NO_ALARM'
'2022-11-25 23:27:42.041430348',-1.470851680,'NO_ALARM','NO_ALARM'
'2022-11-25 23:27:41.941373348',-1.456618408,'NO_ALARM','NO_ALARM'
'2022-11-25 23:27:41.841469348',-1.472146758,'NO_ALARM','NO_ALARM'
'2022-11-25 23:27:41.741491681',-1.467098265,'NO_ALARM','NO_ALARM'
'2022-11-25 23:27:41.640311348',-1.453558295,'NO_ALARM','NO_ALARM'
'2022-11-25 23:27:41.541180015',-1.462507827,'NO_ALARM','NO_ALARM'
'2022-11-25 23:27:41.441917348',-1.472702983,'NO_ALARM','NO_ALARM'
'2022-11-25 23:27:41.341892348',-1.471838900,'NO_ALARM','NO_ALARM'
'2022-11-25 23:27:41.241144348',-1.458588946,'NO_ALARM','NO_ALARM'
'2022-11-25 23:27:41.141325348',-1.457544752,'NO_ALARM','NO_ALARM'
'2022-11-25 23:27:41.041930015',-1.467866185,'NO_ALARM','NO_ALARM'
'2022-11-25 23:27:40.942096348',-1.468878937,'NO_ALARM','NO_ALARM'
'2022-11-25 23:27:40.841305014',-1.471149218,'NO_ALARM','NO_ALARM'
'2022-11-25 23:27:40.742108014',-1.461487666,'NO_ALARM','NO_ALARM'
'2022-11-25 23:27:40.642467681',-1.460844666,'NO_ALARM','NO_ALARM'
'2022-11-25 23:27:40.542484014',-1.464232740,'NO_ALARM','NO_ALARM'
'2022-11-25 23:27:40.442708014',-1.463163919,'NO_ALARM','NO_ALARM'
'2022-11-25 23:27:40.341617014',-1.469657997,'NO_ALARM','NO_ALARM'
'2022-11-25 23:27:40.242773014',-1.466883262,'NO_ALARM','NO_ALARM'
'2022-11-25 23:27:40.143067348',-1.462724724,'NO_ALARM','NO_ALARM'
'2022-11-25 23:27:40.042673014',-1.463096766,'NO_ALARM','NO_ALARM'
'2022-11-25 23:27:39.943351681',-1.473866073,'NO_ALARM','NO_ALARM'
'2022-11-25 23:27:39.842851348',-1.466832961,'NO_ALARM','NO_ALARM'
'2022-11-25 23:27:39.743213681',-1.469189679,'NO_ALARM','NO_ALARM'
'2022-11-25 23:27:39.642104014',-1.474383986,'NO_ALARM','NO_ALARM'
'2022-11-25 23:27:39.542847348',-1.475281122,'NO_ALARM','NO_ALARM'
'2022-11-25 23:27:39.442738014',-1.464516112,'NO_ALARM','NO_ALARM'
'2022-11-25 23:27:39.343002014',-1.469085429,'NO_ALARM','NO_ALARM'
'2022-11-25 23:27:39.245586348',-1.461129790,'NO_ALARM','NO_ALARM'
'2022-11-25 23:27:39.143240348',-1.471563616,'NO_ALARM','NO_ALARM'
'2022-11-25 23:27:39.043031348',-1.464257820,'NO_ALARM','NO_ALARM'
'2022-11-25 23:27:38.943011681',-1.468722661,'NO_ALARM','NO_ALARM'
'2022-11-25 23:27:38.843277681',-1.469597375,'NO_ALARM','NO_ALARM'
'2022-11-25 23:27:38.743267348',-1.466276227,'NO_ALARM','NO_ALARM'
'2022-11-25 23:27:38.643262681',-1.470557904,'NO_ALARM','NO_ALARM'
'2022-11-25 23:27:38.543493014',-1.462111553,'NO_ALARM','NO_ALARM'
'2022-11-25 23:27:38.443154681',-1.470386982,'NO_ALARM','NO_ALARM'
'2022-11-25 23:27:38.342590681',-1.468188123,'NO_ALARM','NO_ALARM'
'2022-11-25 23:27:38.241819014',-1.466733801,'NO_ALARM','NO_ALARM'
'2022-11-25 23:27:38.143034347',-1.473202404,'NO_ALARM','NO_ALARM'
'2022-11-25 23:27:38.043443014',-1.464367838,'NO_ALARM','NO_ALARM'
'2022-11-25 23:27:37.944774014',-1.451674137,'NO_ALARM','NO_ALARM'
'2022-11-25 23:27:37.843297014',-1.460153739,'NO_ALARM','NO_ALARM'
'2022-11-25 23:27:37.743092681',-1.463593698,'NO_ALARM','NO_ALARM'
'2022-11-25 23:27:37.643095681',-1.473008861,'NO_ALARM','NO_ALARM'
'2022-11-25 23:27:37.550618681',-1.473706829,'NO_ALARM','NO_ALARM'
'2022-11-25 23:27:37.443658014',-1.478286325,'NO_ALARM','NO_ALARM'
'2022-11-25 23:27:37.343097014',-1.461313860,'NO_ALARM','NO_ALARM'
'2022-11-25 23:27:37.243517347',-1.472824905,'NO_ALARM','NO_ALARM'
'2022-11-25 23:27:37.143165014',-1.471600938,'NO_ALARM','NO_ALARM'
'2022-11-25 23:27:37.043737681',-1.463065663,'NO_ALARM','NO_ALARM'
'2022-11-25 23:27:36.943653347',-1.459168357,'NO_ALARM','NO_ALARM'
'2022-11-25 23:27:36.843796681',-1.476331649,'NO_ALARM','NO_ALARM'
'2022-11-25 23:27:36.742431014',-1.475693681,'NO_ALARM','NO_ALARM'
'2022-11-25 23:27:36.643195014',-1.470016919,'NO_ALARM','NO_ALARM'
'2022-11-25 23:27:36.542929681',-1.462281005,'NO_ALARM','NO_ALARM'
'2022-11-25 23:27:36.443816681',-1.463933902,'NO_ALARM','NO_ALARM'
'2022-11-25 23:27:36.343070014',-1.467518827,'NO_ALARM','NO_ALARM'
'2022-11-25 23:27:36.246564347',-1.470226861,'NO_ALARM','NO_ALARM'
'2022-11-25 23:27:36.143516681',-1.466775620,'NO_ALARM','NO_ALARM'
'2022-11-25 23:27:36.043919347',-1.472970577,'NO_ALARM','NO_ALARM'
'2022-11-25 23:27:35.943081347',-1.481857791,'NO_ALARM','NO_ALARM'
'2022-11-25 23:27:35.844052681',-1.467629212,'NO_ALARM','NO_ALARM'
'2022-11-25 23:27:35.744035014',-1.464222674,'NO_ALARM','NO_ALARM'
'2022-11-25 23:27:35.643381014',-1.457803525,'NO_ALARM','NO_ALARM'
'2022-11-25 23:27:35.544155347',-1.470315531,'NO_ALARM','NO_ALARM'
'2022-11-25 23:27:35.444038681',-1.483830817,'NO_ALARM','NO_ALARM'
'2022-11-25 23:27:35.343953014',-1.470952085,'NO_ALARM','NO_ALARM'
'2022-11-25 23:27:35.243986347',-1.459627655,'NO_ALARM','NO_ALARM'
'2022-11-25 23:27:35.142734014',-1.454526910,'NO_ALARM','NO_ALARM'
'2022-11-25 23:27:35.044082347',-1.463350448,'NO_ALARM','NO_ALARM'
'2022-11-25 23:27:34.944200680',-1.460940320,'NO_ALARM','NO_ALARM'
'2022-11-25 23:27:34.844016014',-1.472567405,'NO_ALARM','NO_ALARM'
'2022-11-25 23:27:34.743897014',-1.475648950,'NO_ALARM','NO_ALARM'
'2022-11-25 23:27:34.644173347',-1.465240403,'NO_ALARM','NO_ALARM'
'2022-11-25 23:27:34.550201347',-1.472044177,'NO_ALARM','NO_ALARM'
'2022-11-25 23:27:34.444104680',-1.466959152,'NO_ALARM','NO_ALARM'
'2022-11-25 23:27:34.344391680',-1.460842432,'NO_ALARM','NO_ALARM'
'2022-11-25 23:27:34.244096680',-1.458756391,'NO_ALARM','NO_ALARM'
'2022-11-25 23:27:34.144479014',-1.464885976,'NO_ALARM','NO_ALARM'
'2022-11-25 23:27:34.043389680',-1.470904442,'NO_ALARM','NO_ALARM'
'2022-11-25 23:27:33.944327347',-1.469254485,'NO_ALARM','NO_ALARM'
'2022-11-25 23:27:33.843386347',-1.475727979,'NO_ALARM','NO_ALARM'
'2022-11-25 23:27:33.743320347',-1.467740474,'NO_ALARM','NO_ALARM'
'2022-11-25 23:27:33.644823014',-1.460200619,'NO_ALARM','NO_ALARM'
'2022-11-25 23:27:33.544499680',-1.457431285,'NO_ALARM','NO_ALARM'
'2022-11-25 23:27:33.444660680',-1.467158180,'NO_ALARM','NO_ALARM'
'2022-11-25 23:27:33.343711014',-1.461981828,'NO_ALARM','NO_ALARM'
'2022-11-25 23:27:33.246929347',-1.474689327,'NO_ALARM','NO_ALARM'
'2022-11-25 23:27:33.144385347',-1.463491371,'NO_ALARM','NO_ALARM'
'2022-11-25 23:27:33.044457014',-1.469543653,'NO_ALARM','NO_ALARM'
'2022-11-25 23:27:32.943366014',-1.470549619,'NO_ALARM','NO_ALARM'
'2022-11-25 23:27:32.848989680',-1.461379430,'NO_ALARM','NO_ALARM'
'2022-11-25 23:27:32.744641347',-1.463524311,'NO_ALARM','NO_ALARM'
'2022-11-25 23:27:32.644301014',-1.465371486,'NO_ALARM','NO_ALARM'
'2022-11-25 23:27:32.544549347',-1.468663595,'NO_ALARM','NO_ALARM'
'2022-11-25 23:27:32.443831347',-1.463831801,'NO_ALARM','NO_ALARM'
'2022-11-25 23:27:32.344306680',-1.453039421,'NO_ALARM','NO_ALARM'
'2022-11-25 23:27:32.244316680',-1.458796682,'NO_ALARM','NO_ALARM'
'2022-11-25 23:27:32.143795347',-1.471447066,'NO_ALARM','NO_ALARM'
'2022-11-25 23:27:32.044352013',-1.469163553,'NO_ALARM','NO_ALARM'
'2022-11-25 23:27:31.946134013',-1.466775620,'NO_ALARM','NO_ALARM'
'2022-11-25 23:27:31.844659680',-1.464575744,'NO_ALARM','NO_ALARM'
'2022-11-25 23:27:31.744830347',-1.454335517,'NO_ALARM','NO_ALARM'
'2022-11-25 23:27:31.644782680',-1.451766935,'NO_ALARM','NO_ALARM'
'2022-11-25 23:27:31.544886680',-1.461433265,'NO_ALARM','NO_ALARM'
'2022-11-25 23:27:31.443393347',-1.473530110,'NO_ALARM','NO_ALARM'
'2022-11-25 23:27:31.344141013',-1.462418704,'NO_ALARM','NO_ALARM'
'2022-11-25 23:27:31.244726347',-1.458990903,'NO_ALARM','NO_ALARM'
'2022-11-25 23:27:31.144599680',-1.465425180,'NO_ALARM','NO_ALARM'
'2022-11-25 23:27:31.044588347',-1.462196463,'NO_ALARM','NO_ALARM'
'2022-11-25 23:27:30.944628013',-1.461744883,'NO_ALARM','NO_ALARM'
'2022-11-25 23:27:30.843992680',-1.475512326,'NO_ALARM','NO_ALARM'
'2022-11-25 23:27:30.744966013',-1.469323306,'NO_ALARM','NO_ALARM'
'2022-11-25 23:27:30.645016013',-1.457794024,'NO_ALARM','NO_ALARM'
'2022-11-25 23:27:30.545103013',-1.454083474,'NO_ALARM','NO_ALARM'
'2022-11-25 23:27:30.445095680',-1.465400496,'NO_ALARM','NO_ALARM'
'2022-11-25 23:27:30.343753680',-1.466957399,'NO_ALARM','NO_ALARM'
'2022-11-25 23:27:30.251632347',-1.460066822,'NO_ALARM','NO_ALARM'
'2022-11-25 23:27:30.143656680',-1.464872546,'NO_ALARM','NO_ALARM'
'2022-11-25 23:27:30.043812347',-1.467802594,'NO_ALARM','NO_ALARM'
'2022-11-25 23:27:29.943396680',-1.463559881,'NO_ALARM','NO_ALARM'
'2022-11-25 23:27:29.845257680',-1.460502001,'NO_ALARM','NO_ALARM'
'2022-11-25 23:27:29.744808680',-1.469683557,'NO_ALARM','NO_ALARM'
'2022-11-25 23:27:29.645143346',-1.460014004,'NO_ALARM','NO_ALARM'
'2022-11-25 23:27:29.545114013',-1.463153598,'NO_ALARM','NO_ALARM'
'2022-11-25 23:27:29.445131346',-1.459225840,'NO_ALARM','NO_ALARM'
'2022-11-25 23:27:29.345476680',-1.459036963,'NO_ALARM','NO_ALARM'
'2022-11-25 23:27:29.244806346',-1.458605544,'NO_ALARM','NO_ALARM'
'2022-11-25 23:27:29.144649680',-1.458879076,'NO_ALARM','NO_ALARM'
'2022-11-25 23:27:29.043325013',-1.464824789,'NO_ALARM','NO_ALARM'
'2022-11-25 23:27:28.948749013',-1.473337360,'NO_ALARM','NO_ALARM'
'2022-11-25 23:27:28.844303013',-1.469163807,'NO_ALARM','NO_ALARM'
'2022-11-25 23:27:28.744479346',-1.473721701,'NO_ALARM','NO_ALARM'
'2022-11-25 23:27:28.643464013',-1.473020313,'NO_ALARM','NO_ALARM'
'2022-11-25 23:27:28.544335346',-1.475748507,'NO_ALARM','NO_ALARM'
'2022-11-25 23:27:28.444370680',-1.469443277,'NO_ALARM','NO_ALARM'
'2022-11-25 23:27:28.343563346',-1.459337356,'NO_ALARM','NO_ALARM'
'2022-11-25 23:27:28.245526346',-1.481425919,'NO_ALARM','NO_ALARM'
'2022-11-25 23:27:28.145479680',-1.470547131,'NO_ALARM','NO_ALARM'
'2022-11-25 23:27:28.045584013',-1.470657036,'NO_ALARM','NO_ALARM'
'2022-11-25 23:27:27.944937346',-1.465526800,'NO_ALARM','NO_ALARM'
'2022-11-25 23:27:27.844681680',-1.473601222,'NO_ALARM','NO_ALARM'
'2022-11-25 23:27:27.744839680',-1.467185748,'NO_ALARM','NO_ALARM'
'2022-11-25 23:27:27.652950346',-1.466188858,'NO_ALARM','NO_ALARM'
'2022-11-25 23:27:27.544643346',-1.457182437,'NO_ALARM','NO_ALARM'
'2022-11-25 23:27:27.444762013',-1.468822274,'NO_ALARM','NO_ALARM'
'2022-11-25 23:27:27.344753346',-1.468720399,'NO_ALARM','NO_ALARM'
'2022-11-25 23:27:27.244739680',-1.463907663,'NO_ALARM','NO_ALARM'
'2022-11-25 23:27:27.144684013',-1.461374029,'NO_ALARM','NO_ALARM'
'2022-11-25 23:27:27.044714680',-1.468191007,'NO_ALARM','NO_ALARM'
'2022-11-25 23:27:26.944212013',-1.470424672,'NO_ALARM','NO_ALARM'
'2022-11-25 23:27:26.844185346',-1.464965372,'NO_ALARM','NO_ALARM'
'2022-11-25 23:27:26.744216346',-1.462802763,'NO_ALARM','NO_ALARM'
'2022-11-25 23:27:26.643914346',-1.467536329,'NO_ALARM','NO_ALARM'
'2022-11-25 23:27:26.544412346',-1.452206102,'NO_ALARM','NO_ALARM'
'2022-11-25 23:27:26.443381679',-1.472822586,'NO_ALARM','NO_ALARM'
'2022-11-25 23:27:26.355405346',-1.470635518,'NO_ALARM','NO_ALARM'
'2022-11-25 23:27:26.243919346',-1.469141951,'NO_ALARM','NO_ALARM'
'2022-11-25 23:27:26.144395013',-1.469194005,'NO_ALARM','NO_ALARM'
'2022-11-25 23:27:26.044734013',-1.479971710,'NO_ALARM','NO_ALARM'
'2022-11-25 23:27:25.944785679',-1.465915467,'NO_ALARM','NO_ALARM'
'2022-11-25 23:27:25.844223679',-1.467902970,'NO_ALARM','NO_ALARM'
'2022-11-25 23:27:25.744875346',-1.468642785,'NO_ALARM','NO_ALARM'
'2022-11-25 23:27:25.644791013',-1.468540571,'NO_ALARM','NO_ALARM'
'2022-11-25 23:27:25.545003679',-1.471984658,'NO_ALARM','NO_ALARM'
'2022-11-25 23:27:25.444824679',-1.464292909,'NO_ALARM','NO_ALARM'
'2022-11-25 23:27:25.345485013',-1.460507769,'NO_ALARM','NO_ALARM'
'2022-11-25 23:27:25.243280346',-1.461422521,'NO_ALARM','NO_ALARM'
'2022-11-25 23:27:25.144572013',-1.464098491,'NO_ALARM','NO_ALARM'
'2022-11-25 23:27:25.048413013',-1.467719664,'NO_ALARM','NO_ALARM'
'2022-11-25 23:27:24.944536013',-1.466120772,'NO_ALARM','NO_ALARM'
'2022-11-25 23:27:24.843779346',-1.463973176,'NO_ALARM','NO_ALARM'
'2022-11-25 23:27:24.744650346',-1.458448674,'NO_ALARM','NO_ALARM'
'2022-11-25 23:27:24.644731346',-1.454907830,'NO_ALARM','NO_ALARM'
'2022-11-25 23:27:24.544903013',-1.467644905,'NO_ALARM','NO_ALARM'
'2022-11-25 23:27:24.444099679',-1.461894373,'NO_ALARM','NO_ALARM'
'2022-11-25 23:27:24.344023013',-1.455591236,'NO_ALARM','NO_ALARM'
'2022-11-25 23:27:24.244783013',-1.459252757,'NO_ALARM','NO_ALARM'
'2022-11-25 23:27:24.143693679',-1.460330372,'NO_ALARM','NO_ALARM'
'2022-11-25 23:27:24.044515679',-1.459599380,'NO_ALARM','NO_ALARM'
'2022-11-25 23:27:23.943683346',-1.471311120,'NO_ALARM','NO_ALARM'
'2022-11-25 23:27:23.845299012',-1.459865617,'NO_ALARM','NO_ALARM'
'2022-11-25 23:27:23.752192012',-1.460910263,'NO_ALARM','NO_ALARM'
'2022-11-25 23:27:23.644156679',-1.477583155,'NO_ALARM','NO_ALARM'
'2022-11-25 23:27:23.543166346',-1.466985109,'NO_ALARM','NO_ALARM'
'2022-11-25 23:27:23.443480346',-1.454482377,'NO_ALARM','NO_ALARM'
'2022-11-25 23:27:23.345079012',-1.468364644,'NO_ALARM','NO_ALARM'
'2022-11-25 23:27:23.245020012',-1.463756251,'NO_ALARM','NO_ALARM'
'2022-11-25 23:27:23.145102346',-1.462811528,'NO_ALARM','NO_ALARM'
'2022-11-25 23:27:23.045213679',-1.471839805,'NO_ALARM','NO_ALARM'
'2022-11-25 23:27:22.945121679',-1.467947419,'NO_ALARM','NO_ALARM'
'2022-11-25 23:27:22.844984679',-1.470184759,'NO_ALARM','NO_ALARM'
'2022-11-25 23:27:22.744198346',-1.469512324,'NO_ALARM','NO_ALARM'
'2022-11-25 23:27:22.644136346',-1.462480287,'NO_ALARM','NO_ALARM'
'2022-11-25 23:27:22.544418679',-1.470239415,'NO_ALARM','NO_ALARM'
'2022-11-25 23:27:22.448180012',-1.461082345,'NO_ALARM','NO_ALARM'
'2022-11-25 23:27:22.342983346',-1.449747510,'NO_ALARM','NO_ALARM'
'2022-11-25 23:27:22.244608346',-1.454230419,'NO_ALARM','NO_ALARM'
'2022-11-25 23:26:38.812775674',-1.454239241,'NO_ALARM','NO_ALARM'
'2022-11-25 23:26:38.713460340',-1.467395972,'NO_ALARM','NO_ALARM'
'2022-11-25 23:26:38.613775007',-1.466968483,'NO_ALARM','NO_ALARM'
'2022-11-25 23:26:38.511529674',-1.469704877,'NO_ALARM','NO_ALARM'
'2022-11-25 23:26:38.411738007',-1.477778705,'NO_ALARM','NO_ALARM'
'2022-11-25 23:26:38.314532007',-1.460307187,'NO_ALARM','NO_ALARM'
'2022-11-25 23:26:38.211566007',-1.468526970,'NO_ALARM','NO_ALARM'
'2022-11-25 23:26:38.111602674',-1.465571757,'NO_ALARM','NO_ALARM'
'2022-11-25 23:26:38.011337340',-1.478969420,'NO_ALARM','NO_ALARM'
'2022-11-25 23:26:37.910802007',-1.462773046,'NO_ALARM','NO_ALARM'
'2022-11-25 23:26:37.810800674',-1.470038040,'NO_ALARM','NO_ALARM'
'2022-11-25 23:26:37.710470340',-1.464795016,'NO_ALARM','NO_ALARM'
'2022-11-25 23:26:37.611505007',-1.467096399,'NO_ALARM','NO_ALARM'
'2022-11-25 23:26:37.511486674',-1.455126678,'NO_ALARM','NO_ALARM'
'2022-11-25 23:26:37.411542674',-1.460435414,'NO_ALARM','NO_ALARM'
'2022-11-25 23:26:37.310727674',-1.463341938,'NO_ALARM','NO_ALARM'
'2022-11-25 23:26:37.210816674',-1.467161375,'NO_ALARM','NO_ALARM'
'2022-11-25 23:26:37.110095007',-1.468949709,'NO_ALARM','NO_ALARM'
'2022-11-25 23:26:37.013020674',-1.460934947,'NO_ALARM','NO_ALARM'
'2022-11-25 23:26:36.910451340',-1.463283550,'NO_ALARM','NO_ALARM'
'2022-11-25 23:26:36.809563674',-1.471835818,'NO_ALARM','NO_ALARM'
'2022-11-25 23:26:36.711152674',-1.472118540,'NO_ALARM','NO_ALARM'
'2022-11-25 23:26:36.611004340',-1.471590590,'NO_ALARM','NO_ALARM'
'2022-11-25 23:26:36.510928007',-1.465810793,'NO_ALARM','NO_ALARM'
'2022-11-25 23:26:36.411108340',-1.475768780,'NO_ALARM','NO_ALARM'
'2022-11-25 23:26:36.310630007',-1.468712737,'NO_ALARM','NO_ALARM'
'2022-11-25 23:26:36.209675673',-1.462158857,'NO_ALARM','NO_ALARM'
'2022-11-25 23:26:36.110403340',-1.459039904,'NO_ALARM','NO_ALARM'
'2022-11-25 23:26:36.010396673',-1.449013435,'NO_ALARM','NO_ALARM'
'2022-11-25 23:26:35.910252340',-1.466850718,'NO_ALARM','NO_ALARM'
'2022-11-25 23:26:35.808101673',-1.470809042,'NO_ALARM','NO_ALARM'
'2022-11-25 23:26:35.711502673',-1.463968878,'NO_ALARM','NO_ALARM'
'2022-11-25 23:26:35.607950673',-1.463186086,'NO_ALARM','NO_ALARM'
'2022-11-25 23:26:35.507880007',-1.462858464,'NO_ALARM','NO_ALARM'
'2022-11-25 23:26:35.407827340',-1.481114923,'NO_ALARM','NO_ALARM'
'2022-11-25 23:26:35.312034673',-1.468769796,'NO_ALARM','NO_ALARM'
'2022-11-25 23:26:35.208934673',-1.469518064,'NO_ALARM','NO_ALARM'
'2022-11-25 23:26:35.109111340',-1.476884085,'NO_ALARM','NO_ALARM'
'2022-11-25 23:26:35.008861340',-1.470414889,'NO_ALARM','NO_ALARM'
'2022-11-25 23:26:34.909033007',-1.476118541,'NO_ALARM','NO_ALARM'
'2022-11-25 23:26:34.808555340',-1.473773727,'NO_ALARM','NO_ALARM'
'2022-11-25 23:26:34.708445673',-1.466649824,'NO_ALARM','NO_ALARM'
'2022-11-25 23:26:34.608621673',-1.467570146,'NO_ALARM','NO_ALARM'
'2022-11-25 23:26:34.508022340',-1.463185294,'NO_ALARM','NO_ALARM'
'2022-11-25 23:26:34.408517340',-1.466328734,'NO_ALARM','NO_ALARM'
'2022-11-25 23:26:34.307431007',-1.469692012,'NO_ALARM','NO_ALARM'
'2022-11-25 23:26:34.207829340',-1.469449582,'NO_ALARM','NO_ALARM'
'2022-11-25 23:26:34.107429340',-1.472380677,'NO_ALARM','NO_ALARM'
'2022-11-25 23:26:34.015078673',-1.466715196,'NO_ALARM','NO_ALARM'
'2022-11-25 23:26:33.907327673',-1.463725035,'NO_ALARM','NO_ALARM'
'2022-11-25 23:26:33.807914006',-1.465449440,'NO_ALARM','NO_ALARM'
'2022-11-25 23:26:33.707405340',-1.470919512,'NO_ALARM','NO_ALARM'
'2022-11-25 23:26:33.607726006',-1.469913376,'NO_ALARM','NO_ALARM'
'2022-11-25 23:26:33.507837340',-1.467065919,'NO_ALARM','NO_ALARM'
'2022-11-25 23:26:33.408474340',-1.465699729,'NO_ALARM','NO_ALARM'
'2022-11-25 23:26:33.307117673',-1.460474292,'NO_ALARM','NO_ALARM'
'2022-11-25 23:26:33.207380006',-1.461324831,'NO_ALARM','NO_ALARM'
'2022-11-25 23:26:33.107329673',-1.469102846,'NO_ALARM','NO_ALARM'
'2022-11-25 23:26:33.005778673',-1.453027913,'NO_ALARM','NO_ALARM'
'2022-11-25 23:26:32.906932340',-1.464009340,'NO_ALARM','NO_ALARM'
'2022-11-25 23:26:32.806887673',-1.465940236,'NO_ALARM','NO_ALARM'
'2022-11-25 23:26:32.714301340',-1.469993451,'NO_ALARM','NO_ALARM'
'2022-11-25 23:26:32.606743006',-1.459491398,'NO_ALARM','NO_ALARM'
'2022-11-25 23:26:32.505891673',-1.465132873,'NO_ALARM','NO_ALARM'
'2022-11-25 23:26:32.405842340',-1.466345643,'NO_ALARM','NO_ALARM'
'2022-11-25 23:26:32.306240673',-1.470189340,'NO_ALARM','NO_ALARM'
'2022-11-25 23:26:32.206814006',-1.460613320,'NO_ALARM','NO_ALARM'
'2022-11-25 23:26:32.105102673',-1.461401145,'NO_ALARM','NO_ALARM'
'2022-11-25 23:26:32.006755006',-1.471619911,'NO_ALARM','NO_ALARM'
'2022-11-25 23:26:31.906609340',-1.466630541,'NO_ALARM','NO_ALARM'
'2022-11-25 23:26:31.807320340',-1.463060489,'NO_ALARM','NO_ALARM'
'2022-11-25 23:26:31.705238006',-1.464436291,'NO_ALARM','NO_ALARM'
'2022-11-25 23:26:31.606191340',-1.461493774,'NO_ALARM','NO_ALARM'
'2022-11-25 23:26:31.505944340',-1.459456648,'NO_ALARM','NO_ALARM'
'2022-11-25 23:26:31.406029673',-1.469674651,'NO_ALARM','NO_ALARM'
'2022-11-25 23:26:31.304899006',-1.468296021,'NO_ALARM','NO_ALARM'
'2022-11-25 23:26:31.205837340',-1.465366820,'NO_ALARM','NO_ALARM'
'2022-11-25 23:26:31.105806673',-1.453228072,'NO_ALARM','NO_ALARM'
'2022-11-25 23:26:31.005520339',-1.475013527,'NO_ALARM','NO_ALARM'
'2022-11-25 23:26:30.905764339',-1.470340809,'NO_ALARM','NO_ALARM'
'2022-11-25 23:26:30.805942006',-1.464560475,'NO_ALARM','NO_ALARM'
'2022-11-25 23:26:30.705647673',-1.470476726,'NO_ALARM','NO_ALARM'
'2022-11-25 23:26:30.605419006',-1.461117264,'NO_ALARM','NO_ALARM'
'2022-11-25 23:26:30.506885006',-1.461214049,'NO_ALARM','NO_ALARM'
'2022-11-25 23:26:30.405190673',-1.465164739,'NO_ALARM','NO_ALARM'
'2022-11-25 23:26:30.305405006',-1.479400330,'NO_ALARM','NO_ALARM'
'2022-11-25 23:26:30.204083006',-1.473669506,'NO_ALARM','NO_ALARM'
'2022-11-25 23:26:30.109658006',-1.476257625,'NO_ALARM','NO_ALARM'
'2022-11-25 23:26:30.005187339',-1.480735728,'NO_ALARM','NO_ALARM'
'2022-11-25 23:26:29.905132673',-1.471033715,'NO_ALARM','NO_ALARM'
'2022-11-25 23:26:29.805068006',-1.480101379,'NO_ALARM','NO_ALARM'
'2022-11-25 23:26:29.705038673',-1.477842917,'NO_ALARM','NO_ALARM'
'2022-11-25 23:26:29.604205006',-1.464555075,'NO_ALARM','NO_ALARM'
'2022-11-25 23:26:29.504466339',-1.459400324,'NO_ALARM','NO_ALARM'
'2022-11-25 23:26:29.404583339',-1.466903196,'NO_ALARM','NO_ALARM'
'2022-11-25 23:26:29.304203673',-1.470059162,'NO_ALARM','NO_ALARM'
'2022-11-25 23:26:29.204315339',-1.476643183,'NO_ALARM','NO_ALARM'
'2022-11-25 23:26:29.104252006',-1.482722976,'NO_ALARM','NO_ALARM'
'2022-11-25 23:26:29.004109339',-1.470468300,'NO_ALARM','NO_ALARM'
'2022-11-25 23:26:28.904036339',-1.475415823,'NO_ALARM','NO_ALARM'
'2022-11-25 23:26:28.811572673',-1.470617790,'NO_ALARM','NO_ALARM'
'2022-11-25 23:26:28.703703673',-1.462435725,'NO_ALARM','NO_ALARM'
'2022-11-25 23:26:28.603936673',-1.476196693,'NO_ALARM','NO_ALARM'
'2022-11-25 23:26:28.503664673',-1.469451929,'NO_ALARM','NO_ALARM'
'2022-11-25 23:26:28.403832673',-1.483773617,'NO_ALARM','NO_ALARM'
'2022-11-25 23:26:28.303235672',-1.466504208,'NO_ALARM','NO_ALARM'
'2022-11-25 23:26:28.202802672',-1.472017966,'NO_ALARM','NO_ALARM'
'2022-11-25 23:26:28.103399672',-1.463522134,'NO_ALARM','NO_ALARM'
'2022-11-25 23:26:28.003166672',-1.462908483,'NO_ALARM','NO_ALARM'
'2022-11-25 23:26:27.906218672',-1.479082039,'NO_ALARM','NO_ALARM'
'2022-11-25 23:26:27.802335339',-1.467400864,'NO_ALARM','NO_ALARM'
'2022-11-25 23:26:27.703057006',-1.469726281,'NO_ALARM','NO_ALARM'
'2022-11-25 23:26:27.602431672',-1.467003092,'NO_ALARM','NO_ALARM'
'2022-11-25 23:26:27.501447339',-1.474020709,'NO_ALARM','NO_ALARM'
'2022-11-25 23:26:27.403064006',-1.472933537,'NO_ALARM','NO_ALARM'
'2022-11-25 23:26:27.302535339',-1.464975269,'NO_ALARM','NO_ALARM'
'2022-11-25 23:26:27.201763006',-1.466419073,'NO_ALARM','NO_ALARM'
'2022-11-25 23:26:27.102404006',-1.467772199,'NO_ALARM','NO_ALARM'
'2022-11-25 23:26:27.001805672',-1.456109318,'NO_ALARM','NO_ALARM'
'2022-11-25 23:26:26.902390672',-1.461368600,'NO_ALARM','NO_ALARM'
'2022-11-25 23:26:26.801210672',-1.478329246,'NO_ALARM','NO_ALARM'
'2022-11-25 23:26:26.702652006',-1.461746354,'NO_ALARM','NO_ALARM'
'2022-11-25 23:26:26.604208339',-1.458383416,'NO_ALARM','NO_ALARM'
'2022-11-25 23:26:26.502644672',-1.479019155,'NO_ALARM','NO_ALARM'
'2022-11-25 23:26:26.402451672',-1.475066854,'NO_ALARM','NO_ALARM'
'2022-11-25 23:26:26.302717672',-1.471872830,'NO_ALARM','NO_ALARM'
'2022-11-25 23:26:26.201801672',-1.473433325,'NO_ALARM','NO_ALARM'
'2022-11-25 23:26:26.101676672',-1.457490945,'NO_ALARM','NO_ALARM'
'2022-11-25 23:26:26.001437006',-1.471089840,'NO_ALARM','NO_ALARM'
'2022-11-25 23:26:25.900099006',-1.471413758,'NO_ALARM','NO_ALARM'
'2022-11-25 23:26:25.801194339',-1.460791763,'NO_ALARM','NO_ALARM'
'2022-11-25 23:26:25.701492339',-1.461499994,'NO_ALARM','NO_ALARM'
'2022-11-25 23:26:25.600811339',-1.466696422,'NO_ALARM','NO_ALARM'
'2022-11-25 23:26:25.501265339',-1.467901896,'NO_ALARM','NO_ALARM'
'2022-11-25 23:26:25.401317672',-1.474539356,'NO_ALARM','NO_ALARM'
'2022-11-25 23:26:25.304224339',-1.473936167,'NO_ALARM','NO_ALARM'
'2022-11-25 23:26:25.200137672',-1.467336369,'NO_ALARM','NO_ALARM'
'2022-11-25 23:26:25.100261005',-1.459612302,'NO_ALARM','NO_ALARM'
'2022-11-25 23:26:25.000530672',-1.471168756,'NO_ALARM','NO_ALARM'
'2022-11-25 23:26:24.900520005',-1.472417265,'NO_ALARM','NO_ALARM'
'2022-11-25 23:26:24.800216339',-1.469713444,'NO_ALARM','NO_ALARM'
'2022-11-25 23:26:24.699548339',-1.467294324,'NO_ALARM','NO_ALARM'
'2022-11-25 23:26:24.600335339',-1.465760634,'NO_ALARM','NO_ALARM'
'2022-11-25 23:26:24.500311672',-1.468244164,'NO_ALARM','NO_ALARM'
'2022-11-25 23:26:24.399491005',-1.475948269,'NO_ALARM','NO_ALARM'
'2022-11-25 23:26:24.300818005',-1.467415538,'NO_ALARM','NO_ALARM'
'2022-11-25 23:26:24.200219005',-1.466800078,'NO_ALARM','NO_ALARM'
'2022-11-25 23:26:24.099869005',-1.486741299,'NO_ALARM','NO_ALARM'
'2022-11-25 23:26:24.000126005',-1.479823408,'NO_ALARM','NO_ALARM'
'2022-11-25 23:26:23.898313339',-1.475941398,'NO_ALARM','NO_ALARM'
'2022-11-25 23:26:23.798207339',-1.473108078,'NO_ALARM','NO_ALARM'
'2022-11-25 23:26:23.699623339',-1.472066797,'NO_ALARM','NO_ALARM'
'2022-11-25 23:26:23.598339339',-1.466488459,'NO_ALARM','NO_ALARM'
'2022-11-25 23:26:23.498887672',-1.472481788,'NO_ALARM','NO_ALARM'
'2022-11-25 23:26:23.397912339',-1.462593104,'NO_ALARM','NO_ALARM'
'2022-11-25 23:26:23.297891339',-1.460096906,'NO_ALARM','NO_ALARM'
'2022-11-25 23:26:23.197801672',-1.473746187,'NO_ALARM','NO_ALARM'
'2022-11-25 23:26:23.097640005',-1.482061795,'NO_ALARM','NO_ALARM'
'2022-11-25 23:26:22.999102339',-1.460088904,'NO_ALARM','NO_ALARM'
'2022-11-25 23:26:22.901092005',-1.467660824,'NO_ALARM','NO_ALARM'
'2022-11-25 23:26:22.798266339',-1.467285502,'NO_ALARM','NO_ALARM'
'2022-11-25 23:26:22.697703338',-1.470875629,'NO_ALARM','NO_ALARM'
'2022-11-25 23:26:22.597235338',-1.465843083,'NO_ALARM','NO_ALARM'
'2022-11-25 23:26:22.497214672',-1.454999978,'NO_ALARM','NO_ALARM'
'2022-11-25 23:26:22.397200338',-1.466578572,'NO_ALARM','NO_ALARM'
'2022-11-25 23:26:22.301400672',-1.460552783,'NO_ALARM','NO_ALARM'
'2022-11-25 23:26:22.198609338',-1.460876899,'NO_ALARM','NO_ALARM'
'2022-11-25 23:26:22.098017672',-1.464440137,'NO_ALARM','NO_ALARM'
'2022-11-25 23:26:21.999562672',-1.465332692,'NO_ALARM','NO_ALARM'
'2022-11-25 23:26:21.907662005',-1.465997154,'NO_ALARM','NO_ALARM'
'2022-11-25 23:26:21.798990672',-1.477028570,'NO_ALARM','NO_ALARM'
'2022-11-25 23:26:21.697557672',-1.474638404,'NO_ALARM','NO_ALARM'
'2022-11-25 23:26:21.597813005',-1.480493977,'NO_ALARM','NO_ALARM'
'2022-11-25 23:26:21.496866005',-1.469627545,'NO_ALARM','NO_ALARM'
'2022-11-25 23:26:21.397877672',-1.481455467,'NO_ALARM','NO_ALARM'
'2022-11-25 23:26:21.297647672',-1.466584227,'NO_ALARM','NO_ALARM'
'2022-11-25 23:26:21.197701338',-1.472070783,'NO_ALARM','NO_ALARM'
'2022-11-25 23:26:21.097525005',-1.473447180,'NO_ALARM','NO_ALARM'
'2022-11-25 23:26:20.997732005',-1.468713811,'NO_ALARM','NO_ALARM'
'2022-11-25 23:26:20.896216005',-1.462136859,'NO_ALARM','NO_ALARM'
'2022-11-25 23:26:20.798092672',-1.465357178,'NO_ALARM','NO_ALARM'
'2022-11-25 23:26:20.697441672',-1.478090069,'NO_ALARM','NO_ALARM'
'2022-11-25 23:26:20.601925672',-1.464809917,'NO_ALARM','NO_ALARM'
'2022-11-25 23:26:20.497082672',-1.465794620,'NO_ALARM','NO_ALARM'
'2022-11-25 23:26:20.397084005',-1.462820378,'NO_ALARM','NO_ALARM'
'2022-11-25 23:26:20.296065338',-1.458122127,'NO_ALARM','NO_ALARM'
'2022-11-25 23:26:20.197071672',-1.471420488,'NO_ALARM','NO_ALARM'
'2022-11-25 23:26:20.096863005',-1.478443619,'NO_ALARM','NO_ALARM'
'2022-11-25 23:26:19.996939672',-1.474189821,'NO_ALARM','NO_ALARM'
'2022-11-25 23:26:19.895856005',-1.466229659,'NO_ALARM','NO_ALARM'
'2022-11-25 23:26:19.795645005',-1.475148031,'NO_ALARM','NO_ALARM'
'2022-11-25 23:26:19.696555005',-1.475730241,'NO_ALARM','NO_ALARM'
'2022-11-25 23:26:19.596696671',-1.467059472,'NO_ALARM','NO_ALARM'
'2022-11-25 23:26:19.496657005',-1.472296191,'NO_ALARM','NO_ALARM'
'2022-11-25 23:26:19.396560338',-1.476657857,'NO_ALARM','NO_ALARM'
'2022-11-25 23:26:19.296471005',-1.462447629,'NO_ALARM','NO_ALARM'
'2022-11-25 23:26:19.196362338',-1.462659465,'NO_ALARM','NO_ALARM'
'2022-11-25 23:26:19.096434671',-1.464777316,'NO_ALARM','NO_ALARM'
'2022-11-25 23:26:18.996446005',-1.469371317,'NO_ALARM','NO_ALARM'
'2022-11-25 23:26:18.899863671',-1.472158549,'NO_ALARM','NO_ALARM'
'2022-11-25 23:26:18.795926671',-1.480038948,'NO_ALARM','NO_ALARM'
'2022-11-25 23:26:18.696111338',-1.465342447,'NO_ALARM','NO_ALARM'
'2022-11-25 23:26:18.595105671',-1.478589885,'NO_ALARM','NO_ALARM'
'2022-11-25 23:26:18.495820671',-1.476179728,'NO_ALARM','NO_ALARM'
'2022-11-25 23:26:18.395906338',-1.466564378,'NO_ALARM','NO_ALARM'
'2022-11-25 23:26:18.294670005',-1.466108020,'NO_ALARM','NO_ALARM'
'2022-11-25 23:26:18.194642671',-1.466785968,'NO_ALARM','NO_ALARM'
'2022-11-25 23:26:18.095740338',-1.474797196,'NO_ALARM','NO_ALARM'
'2022-11-25 23:26:17.995495671',-1.469447603,'NO_ALARM','NO_ALARM'
'2022-11-25 23:26:17.895313671',-1.462543255,'NO_ALARM','NO_ALARM'
'2022-11-25 23:26:17.794489671',-1.473096486,'NO_ALARM','NO_ALARM'
'2022-11-25 23:26:17.695251338',-1.474523325,'NO_ALARM','NO_ALARM'
'2022-11-25 23:26:17.598574005',-1.460082175,'NO_ALARM','NO_ALARM'
'2022-11-25 23:26:17.495204338',-1.464847720,'NO_ALARM','NO_ALARM'
'2022-11-25 23:26:17.395208338',-1.479302725,'NO_ALARM','NO_ALARM'
'2022-11-25 23:26:17.294448005',-1.478292574,'NO_ALARM','NO_ALARM'
'2022-11-25 23:26:17.194747005',-1.465510938,'NO_ALARM','NO_ALARM'
'2022-11-25 23:26:17.095027004',-1.467676827,'NO_ALARM','NO_ALARM'
'2022-11-25 23:26:16.994670004',-1.472076665,'NO_ALARM','NO_ALARM'
'2022-11-25 23:26:16.894715671',-1.469978804,'NO_ALARM','NO_ALARM'
'2022-11-25 23:26:16.794492671',-1.469399960,'NO_ALARM','NO_ALARM'
'2022-11-25 23:26:16.694306338',-1.471559600,'NO_ALARM','NO_ALARM'
'2022-11-25 23:26:16.594190338',-1.475159426,'NO_ALARM','NO_ALARM'
'2022-11-25 23:26:16.493642671',-1.463913827,'NO_ALARM','NO_ALARM'
'2022-11-25 23:26:16.394174671',-1.471087069,'NO_ALARM','NO_ALARM'
'2022-11-25 23:26:16.295776338',-1.467974676,'NO_ALARM','NO_ALARM'
'2022-11-25 23:26:16.193932004',-1.461125210,'NO_ALARM','NO_ALARM'
'2022-11-25 23:26:16.092969004',-1.458782347,'NO_ALARM','NO_ALARM'
'2022-11-25 23:26:15.993065338',-1.473610496,'NO_ALARM','NO_ALARM'
'2022-11-25 23:26:15.893787671',-1.457665882,'NO_ALARM','NO_ALARM'
'2022-11-25 23:26:15.792929338',-1.463483793,'NO_ALARM','NO_ALARM'
'2022-11-25 23:26:15.693908671',-1.471582475,'NO_ALARM','NO_ALARM'
'2022-11-25 23:26:15.593617671',-1.466314427,'NO_ALARM','NO_ALARM'
'2022-11-25 23:26:15.493230338',-1.459754298,'NO_ALARM','NO_ALARM'
'2022-11-25 23:26:15.392075004',-1.474852332,'NO_ALARM','NO_ALARM'
'2022-11-25 23:26:15.293257671',-1.466847014,'NO_ALARM','NO_ALARM'
'2022-11-25 23:26:15.192673671',-1.471962716,'NO_ALARM','NO_ALARM'
'2022-11-25 23:26:15.093316004',-1.461538165,'NO_ALARM','NO_ALARM'
'2022-11-25 23:26:14.992509671',-1.470627206,'NO_ALARM','NO_ALARM'
'2022-11-25 23:26:14.893124671',-1.473635830,'NO_ALARM','NO_ALARM'
'2022-11-25 23:26:14.793191004',-1.473965969,'NO_ALARM','NO_ALARM'
'2022-11-25 23:26:14.692786338',-1.463348950,'NO_ALARM','NO_ALARM'
'2022-11-25 23:26:14.598067338',-1.472189821,'NO_ALARM','NO_ALARM'
'2022-11-25 23:26:14.492998004',-1.463039565,'NO_ALARM','NO_ALARM'
'2022-11-25 23:26:14.392597338',-1.485766181,'NO_ALARM','NO_ALARM'
'2022-11-25 23:26:14.292307337',-1.478119163,'NO_ALARM','NO_ALARM'
'2022-11-25 23:26:14.192546004',-1.476742767,'NO_ALARM','NO_ALARM'
'2022-11-25 23:26:14.092292671',-1.473050228,'NO_ALARM','NO_ALARM'
'2022-11-25 23:26:13.992218337',-1.466180291,'NO_ALARM','NO_ALARM'
'2022-11-25 23:26:13.892272004',-1.482103896,'NO_ALARM','NO_ALARM'
'2022-11-25 23:26:13.791371671',-1.474595737,'NO_ALARM','NO_ALARM'
'2022-11-25 23:26:13.692001671',-1.470550496,'NO_ALARM','NO_ALARM'
'2022-11-25 23:26:13.591743004',-1.471029615,'NO_ALARM','NO_ALARM'
'2022-11-25 23:26:13.491592337',-1.460642047,'NO_ALARM','NO_ALARM'
'2022-11-25 23:26:13.391939337',-1.467211224,'NO_ALARM','NO_ALARM'
'2022-11-25 23:26:13.292517004',-1.462452945,'NO_ALARM','NO_ALARM'
'2022-11-25 23:26:13.191548337',-1.474750485,'NO_ALARM','NO_ALARM'
'2022-11-25 23:26:13.091396671',-1.472795668,'NO_ALARM','NO_ALARM'
'2022-11-25 23:26:12.991213337',-1.467833357,'NO_ALARM','NO_ALARM'
'2022-11-25 23:26:12.891400004',-1.464730351,'NO_ALARM','NO_ALARM'
'2022-11-25 23:26:12.791332671',-1.472375955,'NO_ALARM','NO_ALARM'
'2022-11-25 23:26:12.691182671',-1.466516960,'NO_ALARM','NO_ALARM'
'2022-11-25 23:26:12.590904671',-1.475436888,'NO_ALARM','NO_ALARM'
'2022-11-25 23:26:12.491071004',-1.459623188,'NO_ALARM','NO_ALARM'
'2022-11-25 23:26:12.390805004',-1.471780343,'NO_ALARM','NO_ALARM'
'2022-11-25 23:26:12.290778671',-1.470627206,'NO_ALARM','NO_ALARM'
'2022-11-25 23:26:12.189927004',-1.471258161,'NO_ALARM','NO_ALARM'
'2022-11-25 23:26:12.090597337',-1.473432646,'NO_ALARM','NO_ALARM'
'2022-11-25 23:26:11.994653671',-1.476361819,'NO_ALARM','NO_ALARM'
'2022-11-25 23:26:11.890398004',-1.459445564,'NO_ALARM','NO_ALARM'
'2022-11-25 23:26:11.790399337',-1.471040190,'NO_ALARM','NO_ALARM'
'2022-11-25 23:26:11.690312004',-1.470905714,'NO_ALARM','NO_ALARM'
'2022-11-25 23:26:11.589968004',-1.465607468,'NO_ALARM','NO_ALARM'
'2022-11-25 23:26:11.489371670',-1.476465107,'NO_ALARM','NO_ALARM'
'2022-11-25 23:26:11.390197337',-1.457940234,'NO_ALARM','NO_ALARM'
'2022-11-25 23:26:11.289218337',-1.471299301,'NO_ALARM','NO_ALARM'
'2022-11-25 23:26:11.189277670',-1.478078532,'NO_ALARM','NO_ALARM'
'2022-11-25 23:26:11.089904004',-1.472289151,'NO_ALARM','NO_ALARM'
'2022-11-25 23:26:10.988903004',-1.462265510,'NO_ALARM','NO_ALARM'
'2022-11-25 23:26:10.889776004',-1.458300627,'NO_ALARM','NO_ALARM'
'2022-11-25 23:26:10.788780670',-1.477842917,'NO_ALARM','NO_ALARM'
'2022-11-25 23:26:10.691580670',-1.462600710,'NO_ALARM','NO_ALARM'
'2022-11-25 23:26:10.589151670',-1.466662831,'NO_ALARM','NO_ALARM'
'2022-11-25 23:26:10.489365337',-1.466471155,'NO_ALARM','NO_ALARM'
'2022-11-25 23:26:10.389516337',-1.471323929,'NO_ALARM','NO_ALARM'
'2022-11-25 23:26:10.291569004',-1.463452747,'NO_ALARM','NO_ALARM'
'2022-11-25 23:26:10.189173004',-1.461718051,'NO_ALARM','NO_ALARM'
'2022-11-25 23:26:10.089089337',-1.461587109,'NO_ALARM','NO_ALARM'
'2022-11-25 23:26:09.989084004',-1.474285702,'NO_ALARM','NO_ALARM'
'2022-11-25 23:26:09.888947337',-1.463693339,'NO_ALARM','NO_ALARM'
'2022-11-25 23:26:09.788039004',-1.472772568,'NO_ALARM','NO_ALARM'
'2022-11-25 23:26:09.688092004',-1.473639563,'NO_ALARM','NO_ALARM'
'2022-11-25 23:26:09.588763337',-1.468469035,'NO_ALARM','NO_ALARM'
'2022-11-25 23:26:09.488338337',-1.465812433,'NO_ALARM','NO_ALARM'
'2022-11-25 23:26:09.388216670',-1.464240261,'NO_ALARM','NO_ALARM'
'2022-11-25 23:26:09.286994004',-1.468727100,'NO_ALARM','NO_ALARM'
'2022-11-25 23:26:09.187969337',-1.468081074,'NO_ALARM','NO_ALARM'
'2022-11-25 23:26:09.088710004',-1.466715281,'NO_ALARM','NO_ALARM'
'2022-11-25 23:26:08.993163337',-1.475619686,'NO_ALARM','NO_ALARM'
'2022-11-25 23:26:08.887554670',-1.465430637,'NO_ALARM','NO_ALARM'
'2022-11-25 23:26:08.787681670',-1.479696171,'NO_ALARM','NO_ALARM'
'2022-11-25 23:26:08.687512003',-1.469507998,'NO_ALARM','NO_ALARM'
'2022-11-25 23:26:08.586643003',-1.468246652,'NO_ALARM','NO_ALARM'
'2022-11-25 23:26:08.487726337',-1.470328170,'NO_ALARM','NO_ALARM'
'2022-11-25 23:26:08.387533337',-1.469953046,'NO_ALARM','NO_ALARM'
'2022-11-25 23:26:08.287379337',-1.459900339,'NO_ALARM','NO_ALARM'
'2022-11-25 23:26:08.186410670',-1.467142827,'NO_ALARM','NO_ALARM'
'2022-11-25 23:26:08.086984003',-1.487728944,'NO_ALARM','NO_ALARM'
'2022-11-25 23:26:07.986918003',-1.465982762,'NO_ALARM','NO_ALARM'
'2022-11-25 23:26:07.885727670',-1.461363115,'NO_ALARM','NO_ALARM'
'2022-11-25 23:26:07.787054337',-1.466290563,'NO_ALARM','NO_ALARM'
'2022-11-25 23:26:07.686859337',-1.465073948,'NO_ALARM','NO_ALARM'
'2022-11-25 23:26:07.586854337',-1.464351127,'NO_ALARM','NO_ALARM'
'2022-11-25 23:26:07.486796337',-1.465777061,'NO_ALARM','NO_ALARM'
'2022-11-25 23:26:07.386314337',-1.471081556,'NO_ALARM','NO_ALARM'
'2022-11-25 23:26:07.286485337',-1.473766291,'NO_ALARM','NO_ALARM'
'2022-11-25 23:26:07.186156670',-1.478385287,'NO_ALARM','NO_ALARM'
'2022-11-25 23:26:07.086329003',-1.473746187,'NO_ALARM','NO_ALARM'
'2022-11-25 23:26:06.986484670',-1.469071772,'NO_ALARM','NO_ALARM'
'2022-11-25 23:26:06.891469003',-1.463740332,'NO_ALARM','NO_ALARM'
'2022-11-25 23:26:06.785011670',-1.467793490,'NO_ALARM','NO_ALARM'
'2022-11-25 23:26:06.684521003',-1.474347256,'NO_ALARM','NO_ALARM'
'2022-11-25 23:26:06.585804003',-1.455353613,'NO_ALARM','NO_ALARM'
'2022-11-25 23:26:06.484330003',-1.455145622,'NO_ALARM','NO_ALARM'
'2022-11-25 23:26:06.385629337',-1.458256291,'NO_ALARM','NO_ALARM'
'2022-11-25 23:26:06.284247003',-1.472610015,'NO_ALARM','NO_ALARM'
'2022-11-25 23:26:06.185576337',-1.472440591,'NO_ALARM','NO_ALARM'
'2022-11-25 23:26:06.085428337',-1.460786221,'NO_ALARM','NO_ALARM'
'2022-11-25 23:26:05.985416337',-1.469389413,'NO_ALARM','NO_ALARM'
'2022-11-25 23:26:05.885519336',-1.473902689,'NO_ALARM','NO_ALARM'
'2022-11-25 23:26:05.784080336',-1.462206868,'NO_ALARM','NO_ALARM'
'2022-11-25 23:26:05.684177670',-1.460918407,'NO_ALARM','NO_ALARM'
'2022-11-25 23:26:05.587786336',-1.473119558,'NO_ALARM','NO_ALARM'
'2022-11-25 23:26:05.484796003',-1.474170368,'NO_ALARM','NO_ALARM'
'2022-11-25 23:26:05.384101670',-1.462270656,'NO_ALARM','NO_ALARM'
'2022-11-25 23:26:05.284591003',-1.457724468,'NO_ALARM','NO_ALARM'
'2022-11-25 23:26:05.184642670',-1.459406036,'NO_ALARM','NO_ALARM'
'2022-11-25 23:26:05.084531003',-1.472959069,'NO_ALARM','NO_ALARM'
'2022-11-25 23:26:04.983729670',-1.475967072,'NO_ALARM','NO_ALARM'
'2022-11-25 23:26:04.883281670',-1.465141299,'NO_ALARM','NO_ALARM'
'2022-11-25 23:26:04.784501670',-1.455674308,'NO_ALARM','NO_ALARM'
'2022-11-25 23:26:04.684523003',-1.458927397,'NO_ALARM','NO_ALARM'
'2022-11-25 23:26:04.584172336',-1.469228585,'NO_ALARM','NO_ALARM'
'2022-11-25 23:26:04.482993670',-1.466541899,'NO_ALARM','NO_ALARM'
'2022-11-25 23:26:04.384205003',-1.470340809,'NO_ALARM','NO_ALARM'
'2022-11-25 23:26:04.283880336',-1.472493494,'NO_ALARM','NO_ALARM'
'2022-11-25 23:26:04.183903003',-1.476381865,'NO_ALARM','NO_ALARM'
'2022-11-25 23:26:04.083034670',-1.468678326,'NO_ALARM','NO_ALARM'
'2022-11-25 23:26:03.983716670',-1.464650446,'NO_ALARM','NO_ALARM'
'2022-11-25 23:26:03.886947003',-1.463765185,'NO_ALARM','NO_ALARM'
'2022-11-25 23:26:03.783689003',-1.470751417,'NO_ALARM','NO_ALARM'
'2022-11-25 23:26:03.682810336',-1.472571278,'NO_ALARM','NO_ALARM'
'2022-11-25 23:26:03.583596670',-1.470668713,'NO_ALARM','NO_ALARM'
'2022-11-25 23:26:03.483332336',-1.467947221,'NO_ALARM','NO_ALARM'
'2022-11-25 23:26:03.383382003',-1.469172770,'NO_ALARM','NO_ALARM'
'2022-11-25 23:26:03.283566336',-1.467850747,'NO_ALARM','NO_ALARM'
'2022-11-25 23:26:03.183565670',-1.471402816,'NO_ALARM','NO_ALARM'
'2022-11-25 23:26:03.083609003',-1.461575008,'NO_ALARM','NO_ALARM'
'2022-11-25 23:26:02.983151336',-1.478326645,'NO_ALARM','NO_ALARM'
'2022-11-25 23:26:02.883110003',-1.474260254,'NO_ALARM','NO_ALARM'
